"id","opnameId","productId","systemStock","physicalStock","variance","notes"
"cmognn7jb0009l104nxpyo4hf","cmognn7j20007l1049hmgq8y9","cmnh57uz80013ii04ndixblbn",25,15,-10,"tes"
"cmogyaoxs0003ib04msyy5821","cmogyaoxk0001ib04qo85z3gm","cmn6uxo68001kl40463yw45cf",1455,1455,0,"Sesuai"
"cmogyaoxz0005ib044pl07zrb","cmogyaoxk0001ib04qo85z3gm","cmn6uxo5m001el404el39ylsi",85,85,0,"Sesuai"
"cmogyaoy20007ib0462aoju5d","cmogyaoxk0001ib04qo85z3gm","cmn6uxojz004zl404ieofic0p",650,650,0,"Sesuai"
"cmogyaoy50009ib0408envv0q","cmogyaoxk0001ib04qo85z3gm","cmn6uxohw004el404yr648ktq",1320,1320,0,"Sesuai"
"cmogyaoy8000bib048at10ggq","cmogyaoxk0001ib04qo85z3gm","cmn6uxope006el4042tfxjgry",100,100,0,"Sesuai"
"cmogyaoyb000dib04ik4inmb8","cmogyaoxk0001ib04qo85z3gm","cmn6uxolu005hl404jxgk0691",60,60,0,"Sesuai"
"cmogyaoye000fib04n01bywx2","cmogyaoxk0001ib04qo85z3gm","cmn6uxos50073l404ktl7vy5f",80,80,0,"Sesuai"
"cmogyaoyh000hib048x5p4v4h","cmogyaoxk0001ib04qo85z3gm","cmn6uxoqc006nl404t2zlp86z",452,452,0,"Sesuai"
"cmogyaoyk000jib0475o3wkip","cmogyaoxk0001ib04qo85z3gm","cmnh57v3f001nii04jiigv6ie",900,900,0,"Sesuai"
"cmogyaoym000lib04wa4p9w14","cmogyaoxk0001ib04qo85z3gm","cmnh57v7z0021ii04v1ygmw8m",820,820,0,"Sesuai"
"cmogyaoyp000nib04zepriwg7","cmogyaoxk0001ib04qo85z3gm","cmnh57xam009uii04kms3op12",900,900,0,"Sesuai"
"cmogyceve0003l104fcffgpm9","cmogycev80001l104sz48kud0","cmn6uxo68001kl40463yw45cf",1455,1455,0,"Sesuai"
"cmogycevj0005l1044x37wz15","cmogycev80001l104sz48kud0","cmn6uxo5m001el404el39ylsi",85,85,0,"Sesuai"
"cmogycevm0007l104mbkqa5t3","cmogycev80001l104sz48kud0","cmn6uxojz004zl404ieofic0p",650,680,30,"tes"
"cmogycevo0009l10433051fcy","cmogycev80001l104sz48kud0","cmn6uxohw004el404yr648ktq",1320,1320,0,"Sesuai"
"cmogycevq000bl104pbtfmvjq","cmogycev80001l104sz48kud0","cmn6uxope006el4042tfxjgry",100,100,0,"Sesuai"
"cmogycevs000dl1047l6508wm","cmogycev80001l104sz48kud0","cmn6uxolu005hl404jxgk0691",60,60,0,"Sesuai"
"cmogycevu000fl104kysjkm7p","cmogycev80001l104sz48kud0","cmn6uxos50073l404ktl7vy5f",80,110,30,"tes"
"cmogycevw000hl104qxk0tmuq","cmogycev80001l104sz48kud0","cmn6uxoqc006nl404t2zlp86z",452,452,0,"Sesuai"
"cmogycevy000jl1047s6o7xln","cmogycev80001l104sz48kud0","cmnh57v3f001nii04jiigv6ie",900,900,0,"Sesuai"
"cmogycew0000ll1040zfg5ccl","cmogycev80001l104sz48kud0","cmnh57v7z0021ii04v1ygmw8m",820,820,0,"Sesuai"
"cmogycew1000nl104q9uanpg4","cmogycev80001l104sz48kud0","cmnh57xam009uii04kms3op12",900,900,0,"Sesuai"
"cmogyckkq000rl104rb32qncz","cmogyckko000pl104ceogk9af","cmnh57wm9007mii04yuo77pw6",100,100,0,"Sesuai"
"cmogyckks000tl104q97r8y26","cmogyckko000pl104ceogk9af","cmn6uxocr003al404uua0n5sw",490.01,500,9.990000000000009,"Untuk tes spot demplot"
"cmogyckku000vl104it7bq5pv","cmogyckko000pl104ceogk9af","cmn6uxok70051l40406ivopv3",150,150,0,"Sesuai"
"cmogyckkx000xl104aawqm7we","cmogyckko000pl104ceogk9af","cmn6uxope006el4042tfxjgry",500,500,0,"Sesuai"
"cmogyckkz000zl104s1wj2khf","cmogyckko000pl104ceogk9af","cmn6uxos50073l404ktl7vy5f",870,900,30,"Untuk tes demplot"
"cmogyckl10011l104wkhh9p3m","cmogyckko000pl104ceogk9af","cmn6uxozw0097l404aspvjqm1",100,100,0,"Sesuai"
"cmogyckl30013l104a9wke9wg","cmogyckko000pl104ceogk9af","cmn6uxoza0091l404q2kic93u",100,100,0,"Sesuai"
"cmogyckl50015l104rjjb9a8e","cmogyckko000pl104ceogk9af","cmn6uxoqc006nl404t2zlp86z",90,90,0,"Sesuai"
"cmogyckl70017l104v1uequqz","cmogyckko000pl104ceogk9af","cmnh57v3f001nii04jiigv6ie",400,400,0,"Sesuai"
"cmogyckl90019l104lpvkdzeh","cmogyckko000pl104ceogk9af","cmnh57v7z0021ii04v1ygmw8m",90,90,0,"Sesuai"
"cmogycklb001bl104xkwvs4rl","cmogyckko000pl104ceogk9af","cmnh57wbu006xii04pq0vou5c",200,200,0,"Sesuai"
"cmogyckld001dl104usmkbg9t","cmogyckko000pl104ceogk9af","cmnh57xam009uii04kms3op12",200,200,0,"Sesuai"
"cmogyfaas0008jx04z28l6bj5","cmogyfaap0006jx04xb1b3s44","cmn6uxocr003al404uua0n5sw",150,200,50,"Percobaan tes"
"cmogyfaaw000ajx04vt6p8nyj","cmogyfaap0006jx04xb1b3s44","cmn6uxohw004el404yr648ktq",500,500,0,"Sesuai"
"cmogyfaay000cjx04ucoewce4","cmogyfaap0006jx04xb1b3s44","cmn6uxoi0004fl404rc3xrewg",1000,1000,0,"Sesuai"
"cmogyfab0000ejx04w5v0dmbs","cmogyfaap0006jx04xb1b3s44","cmn6uxope006el4042tfxjgry",150,150,0,"Sesuai"
"cmogyfab2000gjx043ogn62jj","cmogyfaap0006jx04xb1b3s44","cmn6uxos50073l404ktl7vy5f",750,800,50,"Percobaan tes"
"cmogyfab4000ijx046yhwt8fq","cmogyfaap0006jx04xb1b3s44","cmn6uxozw0097l404aspvjqm1",100,100,0,"Sesuai"
"cmogyfab6000kjx04tbffvb6s","cmogyfaap0006jx04xb1b3s44","cmn6uxoza0091l404q2kic93u",100,100,0,"Sesuai"
"cmogyfab8000mjx04ki87jmbc","cmogyfaap0006jx04xb1b3s44","cmn6uxoie004jl404oem0uygb",400,400,0,"Sesuai"
"cmogyfaba000ojx04h4cvxk11","cmogyfaap0006jx04xb1b3s44","cmn6uxoqc006nl404t2zlp86z",300,300,0,"Sesuai"
"cmogyfabc000qjx04s1ara53u","cmogyfaap0006jx04xb1b3s44","cmnh57v3f001nii04jiigv6ie",450,450,0,"Sesuai"
"cmogyfabe000sjx04xqun2863","cmogyfaap0006jx04xb1b3s44","cmnh57v7z0021ii04v1ygmw8m",350,350,0,"Sesuai"
"cmogyfabg000ujx04mzxw7raz","cmogyfaap0006jx04xb1b3s44","cmnh57was006tii04hxq52eez",80,80,0,"Sesuai"
"cmogyfabi000wjx04onpra5kj","cmogyfaap0006jx04xb1b3s44","cmnh57vat002iii04tmhled2o",200,200,0,"Sesuai"
"cmogygd9j0003jm041cq9xt0x","cmogygd9d0001jm04u39tnbbo","cmn6uxo5a001bl404gi3lz7xe",200,200,0,"Sesuai"
"cmogygd9p0005jm04vznydyyr","cmogygd9d0001jm04u39tnbbo","cmn6uxocr003al404uua0n5sw",1000,1000,0,"Sesuai"
"cmogygd9s0007jm04vljol972","cmogygd9d0001jm04u39tnbbo","cmn6uxo5m001el404el39ylsi",180,180,0,"Sesuai"
"cmogygd9u0009jm04lqx7arzb","cmogygd9d0001jm04u39tnbbo","cmn6uxojz004zl404ieofic0p",830,930,100,"Buat tes"
"cmogygd9x000bjm04u54y8089","cmogygd9d0001jm04u39tnbbo","cmn6uxohw004el404yr648ktq",500,500,0,"Sesuai"
"cmogygda0000djm04zn46prgw","cmogygd9d0001jm04u39tnbbo","cmn6uxoi0004fl404rc3xrewg",400,400,0,"Sesuai"
"cmogygda3000fjm04scq6drja","cmogygd9d0001jm04u39tnbbo","cmn6uxojs004xl404eoinwe8z",750,750,0,"Sesuai"
"cmogygda5000hjm0448yma0nk","cmogygd9d0001jm04u39tnbbo","cmn6uxope006el4042tfxjgry",484,484,0,"Sesuai"
"cmogygda8000jjm04rtlmhc70","cmogygd9d0001jm04u39tnbbo","cmn6uxolu005hl404jxgk0691",500,500,0,"Sesuai"
"cmogygdab000ljm04ddxwcpex","cmogygd9d0001jm04u39tnbbo","cmn6uxos50073l404ktl7vy5f",1160,1160,0,"Sesuai"
"cmogygdah000njm04iv4ine5o","cmogygd9d0001jm04u39tnbbo","cmn6uxozw0097l404aspvjqm1",300,300,0,"Sesuai"
"cmogygdaj000pjm04lbau43jw","cmogygd9d0001jm04u39tnbbo","cmn6uxoza0091l404q2kic93u",250,250,0,"Sesuai"
"cmogygdam000rjm040cnc9r6n","cmogygd9d0001jm04u39tnbbo","cmn6uxoqc006nl404t2zlp86z",426,426,0,"Sesuai"
"cmogygdao000tjm04oxq4upog","cmogygd9d0001jm04u39tnbbo","cmn6uxo6c001ll404cud1fces",1500,1500,0,"Sesuai"
"cmogygdar000vjm04f0qlqory","cmogygd9d0001jm04u39tnbbo","cmn6uxoho004cl404shdz6ehi",1000,1000,0,"Sesuai"
"cmogygdat000xjm04d4hf8xc5","cmogygd9d0001jm04u39tnbbo","cmnh57uwr000zii04jxdbomov",1000,1000,0,"Sesuai"
"cmogygdaw000zjm04hojkrufq","cmogygd9d0001jm04u39tnbbo","cmnh57v3f001nii04jiigv6ie",540,540,0,"Sesuai"
"cmogygday0011jm04xz1eag8m","cmogygd9d0001jm04u39tnbbo","cmnh57v7z0021ii04v1ygmw8m",670,670,0,"Sesuai"
"cmogygdb10013jm04d5wrxmid","cmogygd9d0001jm04u39tnbbo","cmnh57vax002jii0417lyweva",400,400,0,"Sesuai"
"cmogygdb40015jm04cu2ftu0y","cmogygd9d0001jm04u39tnbbo","cmnh57vtq004iii047vhl4tfv",2680,2800,120,"Buat tes"
"cmogygdb60017jm04w8gj0nwv","cmogygd9d0001jm04u39tnbbo","cmnh57wf30074ii04no40fld7",400,400,0,"Sesuai"
"cmogygdb90019jm04t81muejt","cmogygd9d0001jm04u39tnbbo","cmnh57xam009uii04kms3op12",695,695,0,"Sesuai"
"cmogygdbb001bjm045sa1she1","cmogygd9d0001jm04u39tnbbo","cmn6uxoim004ll404old4kyvf",1500,1500,0,"Sesuai"
"cmogygutn0003js04kkgj7wto","cmogygutk0001js04788cjwdw","cmnh57vfx0030ii04pq8nnbid",260.04,260.04,0,"untuk tes"
"cmogygutq0005js04hcx3f8h3","cmogygutk0001js04788cjwdw","cmnh57vtq004iii047vhl4tfv",950,960,10,"untuk tes"
"cmogyguts0007js04bcrd1i3a","cmogygutk0001js04788cjwdw","cmnh57wln007lii04i9v5xst4",500,500,0,"Sesuai"
"cmogygutu0009js04ccde5chr","cmogygutk0001js04788cjwdw","cmnh57xam009uii04kms3op12",600,600,0,"Sesuai"
"cmogygutw000bjs04bw41fzu0","cmogygutk0001js04788cjwdw","cmn6uxoim004ll404old4kyvf",250,250,0,"Sesuai"
"cmogyhcuy001hl10477rbvxjs","cmogyhcuv001fl104ebfbfmkv","cmn6uxo5a001bl404gi3lz7xe",400,400,0,"Sesuai"
"cmogyhcv0001jl104l9z7lb0p","cmogyhcuv001fl104ebfbfmkv","cmn6uxo5h001dl404hwz19n03",4200,4300,100,"Trial Spo Demplot di aplikasi "
"cmogyhcv2001ll104wvqphz9f","cmogyhcuv001fl104ebfbfmkv","cmn6uxo5m001el404el39ylsi",315,315,0,"Sesuai"
"cmogyhcv4001nl104b0w334ye","cmogyhcuv001fl104ebfbfmkv","cmn6uxojz004zl404ieofic0p",100,100,0,"Sesuai"
"cmogyhcv6001pl104mt4e9w25","cmogyhcuv001fl104ebfbfmkv","cmn6uxok70051l40406ivopv3",800,800,0,"Sesuai"
"cmogyhcv8001rl104pxn5xol6","cmogyhcuv001fl104ebfbfmkv","cmn6uxohw004el404yr648ktq",1230,1230,0,"Sesuai"
"cmogyhcva001tl104honp7pxz","cmogyhcuv001fl104ebfbfmkv","cmn6uxoi0004fl404rc3xrewg",500,500,0,"Sesuai"
"cmogyhcvc001vl104jod4d55t","cmogyhcuv001fl104ebfbfmkv","cmn6uxojs004xl404eoinwe8z",240,240,0,"Sesuai"
"cmogyhcvd001xl1041cxxsm8p","cmogyhcuv001fl104ebfbfmkv","cmn6uxope006el4042tfxjgry",500,500,0,"Sesuai"
"cmogyhcvf001zl104zn9z26tl","cmogyhcuv001fl104ebfbfmkv","cmn6uxos50073l404ktl7vy5f",1920,1950,30,"Trial Demplot aplikasi"
"cmogyhcvh0021l1044iwf0seo","cmogyhcuv001fl104ebfbfmkv","cmn6uxozw0097l404aspvjqm1",300,300,0,"Sesuai"
"cmogyhcvj0023l104zrwrgg46","cmogyhcuv001fl104ebfbfmkv","cmn6uxoza0091l404q2kic93u",250,250,0,"Sesuai"
"cmogyhcvl0025l10465hhu98d","cmogyhcuv001fl104ebfbfmkv","cmn6uxoqc006nl404t2zlp86z",745,745,0,"Sesuai"
"cmogyhcvm0027l1042w2ejofx","cmogyhcuv001fl104ebfbfmkv","cmn6uxoho004cl404shdz6ehi",1040,1040,0,"Sesuai"
"cmogyhcvo0029l104p590cs6g","cmogyhcuv001fl104ebfbfmkv","cmnh57uwr000zii04jxdbomov",1000,1000,0,"Sesuai"
"cmogyhcvq002bl104njujxg6e","cmogyhcuv001fl104ebfbfmkv","cmnh57v3f001nii04jiigv6ie",680,680,0,"Sesuai"
"cmogyhcvs002dl104z9v5qgn1","cmogyhcuv001fl104ebfbfmkv","cmnh57v75001xii04sjvur9am",1000,1000,0,"Sesuai"
"cmogyhcvu002fl104z7mv21vh","cmogyhcuv001fl104ebfbfmkv","cmnh57v7z0021ii04v1ygmw8m",2210,2210,0,"Sesuai"
"cmogyhcvv002hl1043gcme37v","cmogyhcuv001fl104ebfbfmkv","cmnh57vax002jii0417lyweva",460,460,0,"Sesuai"
"cmogyhcvx002jl104t47t5ml6","cmogyhcuv001fl104ebfbfmkv","cmnh57vfx0030ii04pq8nnbid",2000,2000,0,"Sesuai"
"cmogyhcvz002ll104c97vzkgy","cmogyhcuv001fl104ebfbfmkv","cmnh57vtq004iii047vhl4tfv",800,800,0,"Sesuai"
"cmogyhcw1002nl104opx1ys9m","cmogyhcuv001fl104ebfbfmkv","cmnh57wf30074ii04no40fld7",400,400,0,"Sesuai"
"cmogyhcw3002pl104a4qgi04m","cmogyhcuv001fl104ebfbfmkv","cmnh57xam009uii04kms3op12",500,500,0,"Sesuai"
"cmogyhcw5002rl1049rceojf6","cmogyhcuv001fl104ebfbfmkv","cmnh57x390096ii04wvu9eff7",180,180,0,"Sesuai"
"cmogyhcw6002tl104o7qtw7k6","cmogyhcuv001fl104ebfbfmkv","cmn6uxoim004ll404old4kyvf",1030,1030,0,"Sesuai"
"cmogyi1xg0003l504erk58p03","cmogyi1xb0001l504k72jtvy0","cmn6uxo5x001hl404xbu77iza",250,250,0,"Sesuai"
"cmogyi1xm0005l504j1901ku1","cmogyi1xb0001l504k72jtvy0","cmn6uxo5q001fl4045v3xbcyq",80,80,0,"Sesuai"
"cmogyi1xp0007l504dgyb0b3p","cmogyi1xb0001l504k72jtvy0","cmn6uxo5a001bl404gi3lz7xe",50,150,100,"Untuk tes"
"cmogyi1xs0009l504w9ynjon6","cmogyi1xb0001l504k72jtvy0","cmn6uxo5h001dl404hwz19n03",1000,1000,0,"Sesuai"
"cmogyi1xv000bl50482ier8nq","cmogyi1xb0001l504k72jtvy0","cmn6uxocr003al404uua0n5sw",625,625,0,"Sesuai"
"cmogyi1xx000dl504pt15pbks","cmogyi1xb0001l504k72jtvy0","cmn6uxo5m001el404el39ylsi",250,250,0,"Sesuai"
"cmogyi1y0000fl504fu5o0yjf","cmogyi1xb0001l504k72jtvy0","cmn6uxokq0056l404iytjmhz1",700,700,0,"Sesuai"
"cmogyi1y3000hl504fibk2j5a","cmogyi1xb0001l504k72jtvy0","cmn6uxohw004el404yr648ktq",580,580,0,"Sesuai"
"cmogyi1y6000jl504bwr9uek0","cmogyi1xb0001l504k72jtvy0","cmn6uxolg005dl4046qhb58fy",400,400,0,"Sesuai"
"cmogyi1y9000ll504f0uc0hy2","cmogyi1xb0001l504k72jtvy0","cmn6uxolu005hl404jxgk0691",440,440,0,"Sesuai"
"cmogyi1yb000nl50453rc68tv","cmogyi1xb0001l504k72jtvy0","cmn6uxozw0097l404aspvjqm1",100,100,0,"Sesuai"
"cmogyi1ye000pl504llollr6x","cmogyi1xb0001l504k72jtvy0","cmn6uxoqc006nl404t2zlp86z",468,468,0,"Sesuai"
"cmogyi1yh000rl5046ir8zmdg","cmogyi1xb0001l504k72jtvy0","cmn6uxo6c001ll404cud1fces",1280,1280,0,"Sesuai"
"cmogyi1yj000tl5047rdmwhsn","cmogyi1xb0001l504k72jtvy0","cmn6uxol9005bl404wqby9sr2",170,170,0,"Sesuai"
"cmogyi1ym000vl504moan40pr","cmogyi1xb0001l504k72jtvy0","cmnh57v3f001nii04jiigv6ie",470,470,0,"Sesuai"
"cmogyi1yq000xl50440gw7o13","cmogyi1xb0001l504k72jtvy0","cmnh57vm1003rii046cdob0lo",150,150,0,"Sesuai"
"cmogyi1yt000zl5048b6gmwvs","cmogyi1xb0001l504k72jtvy0","cmnh57vfx0030ii04pq8nnbid",500,500,0,"Sesuai"
"cmogyi1yw0011l504jidfdia6","cmogyi1xb0001l504k72jtvy0","cmnh57vtq004iii047vhl4tfv",850,850,0,"Sesuai"
"cmogyi1yz0013l504ls0nrzbz","cmogyi1xb0001l504k72jtvy0","cmnh57was006tii04hxq52eez",80,80,0,"Sesuai"
"cmogyi1z20015l50469k2suuv","cmogyi1xb0001l504k72jtvy0","cmnh57wbu006xii04pq0vou5c",800,800,0,"Sesuai"
"cmogyi1z40017l5047oku1cpv","cmogyi1xb0001l504k72jtvy0","cmnh57wln007lii04i9v5xst4",500,500,0,"Sesuai"
"cmogyi1z70019l504d8hdegee","cmogyi1xb0001l504k72jtvy0","cmnh57xam009uii04kms3op12",480,5100,4620,"Untuk tes"
"cmogyi1za001bl504bbl8861j","cmogyi1xb0001l504k72jtvy0","cmn6uxoim004ll404old4kyvf",100,100,0,"Sesuai"
"cmogyiju0001fl504xcvznovn","cmogyijtx001dl5043o9w2qs7","cmn6uxohw004el404yr648ktq",80,110,30,"Praktek"
"cmogyiju5001hl504qyn2wc1n","cmogyijtx001dl5043o9w2qs7","cmn6uxoza0091l404q2kic93u",70,70,0,"Sesuai"
"cmogyiju8001jl504h8o6nmf7","cmogyijtx001dl5043o9w2qs7","cmnh57uwr000zii04jxdbomov",476,476,0,"Sesuai"
"cmogyijub001ll504buapwrjz","cmogyijtx001dl5043o9w2qs7","cmnh57v3f001nii04jiigv6ie",460,490,30,"Praktek"
"cmogyijue001nl504cjblx4sp","cmogyijtx001dl5043o9w2qs7","cmn6uxoim004ll404old4kyvf",130,130,0,"Sesuai"
"cmogyj8og0010jx04xbda7cob","cmogyj8od000yjx045un3o9yh","cmn6uxo68001kl40463yw45cf",375,375,0,"Sesuai"
"cmogyj8oi0012jx041qs02dxy","cmogyj8od000yjx045un3o9yh","cmn6uxocr003al404uua0n5sw",760,775,15,"15"
"cmogyj8ok0014jx047u3obmyy","cmogyj8od000yjx045un3o9yh","cmn6uxo5m001el404el39ylsi",55,55,0,"Sesuai"
"cmogyj8ol0016jx04tx6n2ufm","cmogyj8od000yjx045un3o9yh","cmn6uxohw004el404yr648ktq",500,500,0,"Sesuai"
"cmogyj8on0018jx0463axh65q","cmogyj8od000yjx045un3o9yh","cmn6uxope006el4042tfxjgry",600,600,0,"Sesuai"
"cmogyj8ow001ajx04hmteuhf4","cmogyj8od000yjx045un3o9yh","cmn6uxos50073l404ktl7vy5f",300,300,0,"Sesuai"
"cmogyj8oy001cjx04ahrw472g","cmogyj8od000yjx045un3o9yh","cmn6uxoqc006nl404t2zlp86z",100,100,0,"Sesuai"
"cmogyj8p0001ejx04f56oec6s","cmogyj8od000yjx045un3o9yh","cmnh57uwr000zii04jxdbomov",340,340,0,"Sesuai"
"cmogyj8p2001gjx04xse148wp","cmogyj8od000yjx045un3o9yh","cmnh57v3f001nii04jiigv6ie",150,150,0,"Sesuai"
"cmogyj8p4001ijx046ojod3kh","cmogyj8od000yjx045un3o9yh","cmnh57v7z0021ii04v1ygmw8m",480,600,120,"120"
"cmogyj8p6001kjx049hrkqpls","cmogyj8od000yjx045un3o9yh","cmnh57vtq004iii047vhl4tfv",120,120,0,"Sesuai"
"cmogyj8p7001mjx04ley1vpwe","cmogyj8od000yjx045un3o9yh","cmnh57was006tii04hxq52eez",180,180,0,"Sesuai"
"cmogyj8pa001ojx04icz3wfly","cmogyj8od000yjx045un3o9yh","cmnh57wbu006xii04pq0vou5c",1000,1000,0,"Sesuai"
"cmogyj8pb001qjx04hbb4jz0b","cmogyj8od000yjx045un3o9yh","cmnh57xam009uii04kms3op12",500,500,0,"Sesuai"
"cmogyjd25001ujx04mpjuu82j","cmogyjd23001sjx04m4oyacs1","cmn6uxos50073l404ktl7vy5f",850,880,30,"Testing Agrolens"
"cmogyjd27001wjx04oh0ez7uj","cmogyjd23001sjx04m4oyacs1","cmnh57vfx0030ii04pq8nnbid",910,910,0,"Sesuai"
"cmogyjd28001yjx049wiha2dd","cmogyjd23001sjx04m4oyacs1","cmnh57xam009uii04kms3op12",480,480,0,"Sesuai"
"cmogyjeaq001fjm04gl91czc0","cmogyjean001djm04ydfaq80t","cmn6uxos50073l404ktl7vy5f",1000,30,-970,"Tes aplikasi "
"cmogyjeat001hjm04x6ti0vy2","cmogyjean001djm04ydfaq80t","cmn6uxozw0097l404aspvjqm1",170,170,0,"Sesuai"
"cmogyjeaw001jjm04xbl5rkpr","cmogyjean001djm04ydfaq80t","cmnh57v3f001nii04jiigv6ie",410,410,0,"Sesuai"
"cmogyjeaz001ljm04gg4h23i6","cmogyjean001djm04ydfaq80t","cmnh57v7z0021ii04v1ygmw8m",970,970,0,"Sesuai"
"cmogyjeb2001njm04lqh7hxpw","cmogyjean001djm04ydfaq80t","cmnh57vax002jii0417lyweva",340,340,0,"Sesuai"
"cmogyjeb5001pjm04fwhmyhsk","cmogyjean001djm04ydfaq80t","cmnh57vtq004iii047vhl4tfv",270,270,0,"Sesuai"
"cmogyjeb7001rjm042yjkregz","cmogyjean001djm04ydfaq80t","cmnh57xam009uii04kms3op12",600,600,0,"Sesuai"
"cmogyjyi9001rl504svb2r2gu","cmogyjyi5001pl504h3clv7gp","cmn6uxo5a001bl404gi3lz7xe",250,250,0,"Sesuai"
"cmogyjyic001tl504jqvrs9z1","cmogyjyi5001pl504h3clv7gp","cmn6uxo510019l404db2jw3c6",1600,1600,0,"Sesuai"
"cmogyjyif001vl504v8awlj50","cmogyjyi5001pl504h3clv7gp","cmn6uxok70051l40406ivopv3",730,750,20,"trial aplikasi"
"cmogyjyih001xl504qxyjspwf","cmogyjyi5001pl504h3clv7gp","cmn6uxohw004el404yr648ktq",1500,1500,0,"Sesuai"
"cmogyjyik001zl5047ferwd0o","cmogyjyi5001pl504h3clv7gp","cmn6uxoi0004fl404rc3xrewg",880,1000,120,"trial aplikasi "
"cmogyjyin0021l5046gjbmi18","cmogyjyi5001pl504h3clv7gp","cmn6uxos50073l404ktl7vy5f",500,500,0,"Sesuai"
"cmogyjyiq0023l504z4app0b7","cmogyjyi5001pl504h3clv7gp","cmn6uxoqc006nl404t2zlp86z",600,600,0,"Sesuai"
"cmogyjyit0025l504ckazpcsm","cmogyjyi5001pl504h3clv7gp","cmn6uxoho004cl404shdz6ehi",3000,3000,0,"Sesuai"
"cmogyjyiv0027l504nsree2bw","cmogyjyi5001pl504h3clv7gp","cmnh57v3f001nii04jiigv6ie",500,500,0,"Sesuai"
"cmogyjyiy0029l5047mdg1j1o","cmogyjyi5001pl504h3clv7gp","cmnh57v75001xii04sjvur9am",500,500,0,"Sesuai"
"cmogyjyj1002bl504ja4yf8kn","cmogyjyi5001pl504h3clv7gp","cmnh57v7z0021ii04v1ygmw8m",1000,1000,0,"Sesuai"
"cmogyjyj5002dl504e7lw7usn","cmogyjyi5001pl504h3clv7gp","cmnh57was006tii04hxq52eez",160,160,0,"Sesuai"
"cmogyjyj8002fl5042ac4rw9b","cmogyjyi5001pl504h3clv7gp","cmnh57wf30074ii04no40fld7",1200,1200,0,"Sesuai"
"cmogyjyja002hl504nmerqxcf","cmogyjyi5001pl504h3clv7gp","cmnh57xam009uii04kms3op12",800,800,0,"Sesuai"
"cmogyljqg0003l504b2cwlupk","cmogyljqa0001l504jd4vcedp","cmn6uxo5x001hl404xbu77iza",250,250,0,"Sesuai"
"cmogyljqm0005l50406w1e8im","cmogyljqa0001l504jd4vcedp","cmn6uxo5q001fl4045v3xbcyq",960,960,0,"Sesuai"
"cmogyljqp0007l5047df8bop9","cmogyljqa0001l504jd4vcedp","cmn6uxo5a001bl404gi3lz7xe",510,510,0,"Sesuai"
"cmogyljqs0009l5049kjpvtj0","cmogyljqa0001l504jd4vcedp","cmn6uxocr003al404uua0n5sw",540,540,0,"Sesuai"
"cmogyljqu000bl504fegtr7z8","cmogyljqa0001l504jd4vcedp","cmn6uxo5m001el404el39ylsi",195,195,0,"Sesuai"
"cmogyljqx000dl5042jzc63jz","cmogyljqa0001l504jd4vcedp","cmn6uxojz004zl404ieofic0p",330,430,100,"trial apk"
"cmogyljr1000fl504qx343xyd","cmogyljqa0001l504jd4vcedp","cmn6uxohw004el404yr648ktq",550,550,0,"Sesuai"
"cmogyljr3000hl504fm4l28cl","cmogyljqa0001l504jd4vcedp","cmn6uxojs004xl404eoinwe8z",1170,1170,0,"Sesuai"
"cmogyljr6000jl50467i2aagu","cmogyljqa0001l504jd4vcedp","cmn6uxojw004yl404s5fx1z5y",1000,1000,0,"Sesuai"
"cmogyljr9000ll504kjmometl","cmogyljqa0001l504jd4vcedp","cmn6uxope006el4042tfxjgry",265,281,16,"trial apk"
"cmogyljrc000nl5040w4oyr8r","cmogyljqa0001l504jd4vcedp","cmn6uxolu005hl404jxgk0691",710,710,0,"Sesuai"
"cmogyljre000pl504val1xyc0","cmogyljqa0001l504jd4vcedp","cmn6uxos50073l404ktl7vy5f",660,660,0,"Sesuai"
"cmogyljrj000rl504c06jccul","cmogyljqa0001l504jd4vcedp","cmn6uxoqc006nl404t2zlp86z",166,166,0,"Sesuai"
"cmogyljrm000tl504payfxwyq","cmogyljqa0001l504jd4vcedp","cmn6uxol9005bl404wqby9sr2",500,500,0,"Sesuai"
"cmogyljrp000vl504q7n8dir2","cmogyljqa0001l504jd4vcedp","cmnh57uwr000zii04jxdbomov",500,500,0,"Sesuai"
"cmogyljrs000xl504o8d5rinn","cmogyljqa0001l504jd4vcedp","cmnh57v3f001nii04jiigv6ie",500,500,0,"Sesuai"
"cmogyljru000zl50417gvldka","cmogyljqa0001l504jd4vcedp","cmnh57v7z0021ii04v1ygmw8m",740,740,0,"Sesuai"
"cmogyljrx0011l5045k2nl5bo","cmogyljqa0001l504jd4vcedp","cmnh57vm1003rii046cdob0lo",300,300,0,"Sesuai"
"cmogyljs00013l504nm71cpta","cmogyljqa0001l504jd4vcedp","cmnh57vij003cii043w9h7urb",25,25,0,"Sesuai"
"cmogyljs30015l504lbf2jb58","cmogyljqa0001l504jd4vcedp","cmnh57xam009uii04kms3op12",260,260,0,"Sesuai"
"cmogyljs50017l504li8d25l0","cmogyljqa0001l504jd4vcedp","cmnh57x390096ii04wvu9eff7",190,190,0,"Sesuai"
"cmogyljs80019l504m92o5j3d","cmogyljqa0001l504jd4vcedp","cmnh57x58009aii04atdq2zfe",600,600,0,"Sesuai"
"cmogypmwt001vjm04klistrnq","cmogypmwn001tjm042hdvuwve","cmn6uxos50073l404ktl7vy5f",1000,1000,0,"Sesuai"
"cmogypmwy001xjm04xl4d9c8j","cmogypmwn001tjm042hdvuwve","cmn6uxozw0097l404aspvjqm1",170,170,0,"Sesuai"
"cmogypmx1001zjm0487fbm87x","cmogypmwn001tjm042hdvuwve","cmnh57v3f001nii04jiigv6ie",410,30,-380,"Tes aplikasi (yang biomax salah)"
"cmogypmx40021jm04c781k5bp","cmogypmwn001tjm042hdvuwve","cmnh57v7z0021ii04v1ygmw8m",970,970,0,"Sesuai"
"cmogypmx70023jm049zw14vgu","cmogypmwn001tjm042hdvuwve","cmnh57vax002jii0417lyweva",340,340,0,"Sesuai"
"cmogypmxa0025jm04d3lx3z6z","cmogypmwn001tjm042hdvuwve","cmnh57vtq004iii047vhl4tfv",270,270,0,"Sesuai"
"cmogypmxd0027jm04q6jpv59w","cmogypmwn001tjm042hdvuwve","cmnh57xam009uii04kms3op12",600,600,0,"Sesuai"
"cmogyvqjc002fjm04wqbu8sqb","cmogyvqj9002djm0434yq3eet","cmnh57vfx0030ii04pq8nnbid",260.04,5000,4739.96,"untuk tes"
"cmogyvqjf002hjm04cv2u8y1z","cmogyvqj9002djm0434yq3eet","cmnh57vtq004iii047vhl4tfv",950,1000,50,"untuk tes"
"cmogyvqji002jjm0476b5rgjp","cmogyvqj9002djm0434yq3eet","cmnh57wln007lii04i9v5xst4",500,500,0,"Sesuai"
"cmogyvqjl002ljm044nxo152o","cmogyvqj9002djm0434yq3eet","cmnh57xam009uii04kms3op12",600,600,0,"Sesuai"
"cmogyvqjo002njm046fz6kcoi","cmogyvqj9002djm0434yq3eet","cmn6uxoim004ll404old4kyvf",250,250,0,"Sesuai"
"cmogz1tod002xl104kvjolnkq","cmogz1to7002vl104ahn5bxid","cmnh57vfx0030ii04pq8nnbid",260.04,500,239.96,"untuk tes"
"cmogz1toh002zl104puk7fb3l","cmogz1to7002vl104ahn5bxid","cmnh57vtq004iii047vhl4tfv",950,1000,50,"untuk tes"
"cmogz1toj0031l104u48j9od7","cmogz1to7002vl104ahn5bxid","cmnh57wln007lii04i9v5xst4",500,500,0,"Sesuai"
"cmogz1tol0033l104r8jmqym0","cmogz1to7002vl104ahn5bxid","cmnh57xam009uii04kms3op12",600,600,0,"Sesuai"
"cmogz1ton0035l1045vvp23l9","cmogz1to7002vl104ahn5bxid","cmn6uxoim004ll404old4kyvf",250,250,0,"Sesuai"
"cmogzklaq000bl204e6zhhkxd","cmogzklam0009l204kujtnypf","cmn6uxo5x001hl404xbu77iza",250,250,0,"Sesuai"
"cmogzklau000dl20401m5wk47","cmogzklam0009l204kujtnypf","cmn6uxo5q001fl4045v3xbcyq",80,80,0,"Sesuai"
"cmogzklaw000fl204337pgr2o","cmogzklam0009l204kujtnypf","cmn6uxo5a001bl404gi3lz7xe",50,50,0,"Sesuai"
"cmogzklay000hl204dqzo44z9","cmogzklam0009l204kujtnypf","cmn6uxo5h001dl404hwz19n03",1000,1000,0,"Sesuai"
"cmogzklb0000jl204foiswjxo","cmogzklam0009l204kujtnypf","cmn6uxocr003al404uua0n5sw",625,625,0,"Sesuai"
"cmogzklb2000ll204g7m7nukv","cmogzklam0009l204kujtnypf","cmn6uxo5m001el404el39ylsi",250,250,0,"Sesuai"
"cmogzklb4000nl204f9gi135h","cmogzklam0009l204kujtnypf","cmn6uxokq0056l404iytjmhz1",700,700,0,"Sesuai"
"cmogzklb6000pl20454ncrdgv","cmogzklam0009l204kujtnypf","cmn6uxohw004el404yr648ktq",580,580,0,"Sesuai"
"cmogzklb7000rl204m2x50uyq","cmogzklam0009l204kujtnypf","cmn6uxolg005dl4046qhb58fy",400,400,0,"Sesuai"
"cmogzklb9000tl204qxjzpoe8","cmogzklam0009l204kujtnypf","cmn6uxolu005hl404jxgk0691",440,440,0,"Sesuai"
"cmogzklbb000vl204rbl5znyp","cmogzklam0009l204kujtnypf","cmn6uxozw0097l404aspvjqm1",100,100,0,"Sesuai"
"cmogzklbd000xl2043adhsnvk","cmogzklam0009l204kujtnypf","cmn6uxoqc006nl404t2zlp86z",468,468,0,"Sesuai"
"cmogzklbe000zl2044uq74axg","cmogzklam0009l204kujtnypf","cmn6uxo6c001ll404cud1fces",1280,1280,0,"Sesuai"
"cmogzklbg0011l204zkxv3ifk","cmogzklam0009l204kujtnypf","cmn6uxol9005bl404wqby9sr2",170,170,0,"Sesuai"
"cmogzklbi0013l2046hmlvlzc","cmogzklam0009l204kujtnypf","cmnh57v3f001nii04jiigv6ie",470,470,0,"Sesuai"
"cmogzklbk0015l204ip488nzi","cmogzklam0009l204kujtnypf","cmnh57vm1003rii046cdob0lo",150,150,0,"Sesuai"
"cmogzklbm0017l204dzj7r1ih","cmogzklam0009l204kujtnypf","cmnh57vfx0030ii04pq8nnbid",500,500,0,"Sesuai"
"cmogzklbo0019l204jzpntvio","cmogzklam0009l204kujtnypf","cmnh57vtq004iii047vhl4tfv",850,850,0,"Sesuai"
"cmogzklbq001bl2048o1hq2j5","cmogzklam0009l204kujtnypf","cmnh57was006tii04hxq52eez",80,80,0,"Sesuai"
"cmogzklbs001dl204ji0blvyk","cmogzklam0009l204kujtnypf","cmnh57wbu006xii04pq0vou5c",800,800,0,"Sesuai"
"cmogzklbu001fl204a8xh7i41","cmogzklam0009l204kujtnypf","cmnh57wln007lii04i9v5xst4",500,500,0,"Sesuai"
"cmogzklbw001hl20410dd84vh","cmogzklam0009l204kujtnypf","cmnh57xam009uii04kms3op12",480,510,30,"Untuk tes"
"cmogzklby001jl2041sd6g280","cmogzklam0009l204kujtnypf","cmn6uxoim004ll404old4kyvf",100,100,0,"Sesuai"
"cmogzsn510003jl04peafxyvv","cmogzsn4v0001jl04kzff5uor","cmn6uxo5x001hl404xbu77iza",250,250,0,"Sesuai"
"cmogzsn550005jl04iw39rvq6","cmogzsn4v0001jl04kzff5uor","cmn6uxo5q001fl4045v3xbcyq",80,80,0,"Sesuai"
"cmogzsn580007jl04qzy8bkta","cmogzsn4v0001jl04kzff5uor","cmn6uxo5a001bl404gi3lz7xe",50,150,100,"Untuk tes"
"cmogzsn5a0009jl04gtin6x6z","cmogzsn4v0001jl04kzff5uor","cmn6uxo5h001dl404hwz19n03",1000,1000,0,"Sesuai"
"cmogzsn5c000bjl04vgc8xdf9","cmogzsn4v0001jl04kzff5uor","cmn6uxocr003al404uua0n5sw",625,625,0,"Sesuai"
"cmogzsn5f000djl040oxdkibn","cmogzsn4v0001jl04kzff5uor","cmn6uxo5m001el404el39ylsi",250,250,0,"Sesuai"
"cmogzsn5h000fjl044yudz7sk","cmogzsn4v0001jl04kzff5uor","cmn6uxokq0056l404iytjmhz1",700,700,0,"Sesuai"
"cmogzsn5k000hjl04ol24c2vv","cmogzsn4v0001jl04kzff5uor","cmn6uxohw004el404yr648ktq",580,580,0,"Sesuai"
"cmogzsn5m000jjl04iwpe0j2c","cmogzsn4v0001jl04kzff5uor","cmn6uxolg005dl4046qhb58fy",400,400,0,"Sesuai"
"cmogzsn5o000ljl041j4yxnvx","cmogzsn4v0001jl04kzff5uor","cmn6uxolu005hl404jxgk0691",440,440,0,"Sesuai"
"cmogzsn5q000njl0436da5sbq","cmogzsn4v0001jl04kzff5uor","cmn6uxozw0097l404aspvjqm1",100,100,0,"Sesuai"
"cmogzsn5t000pjl04i3izk39v","cmogzsn4v0001jl04kzff5uor","cmn6uxoqc006nl404t2zlp86z",468,468,0,"Sesuai"
"cmogzsn5v000rjl043b347wae","cmogzsn4v0001jl04kzff5uor","cmn6uxo6c001ll404cud1fces",1280,1280,0,"Sesuai"
"cmogzsn5y000tjl04h1ctojal","cmogzsn4v0001jl04kzff5uor","cmn6uxol9005bl404wqby9sr2",170,170,0,"Sesuai"
"cmogzsn60000vjl04djk9kb8v","cmogzsn4v0001jl04kzff5uor","cmnh57v3f001nii04jiigv6ie",470,470,0,"Sesuai"
"cmogzsn62000xjl04kbi3kp37","cmogzsn4v0001jl04kzff5uor","cmnh57vm1003rii046cdob0lo",150,150,0,"Sesuai"
"cmogzsn65000zjl04rjpzhv0c","cmogzsn4v0001jl04kzff5uor","cmnh57vfx0030ii04pq8nnbid",500,500,0,"Sesuai"
"cmogzsn680011jl04rnam5yz5","cmogzsn4v0001jl04kzff5uor","cmnh57vtq004iii047vhl4tfv",850,850,0,"Sesuai"
"cmogzsn6a0013jl04lzej15ik","cmogzsn4v0001jl04kzff5uor","cmnh57was006tii04hxq52eez",80,80,0,"Sesuai"
"cmogzsn6d0015jl04cr9f3l3o","cmogzsn4v0001jl04kzff5uor","cmnh57wbu006xii04pq0vou5c",800,800,0,"Sesuai"
"cmogzsn6g0017jl04m9ni5ctk","cmogzsn4v0001jl04kzff5uor","cmnh57wln007lii04i9v5xst4",500,500,0,"Sesuai"
"cmogzsn6i0019jl04j42bdrmz","cmogzsn4v0001jl04kzff5uor","cmnh57xam009uii04kms3op12",480,480,0,"Sesuai"
"cmogzsn6k001bjl04io6ixpy6","cmogzsn4v0001jl04kzff5uor","cmn6uxoim004ll404old4kyvf",100,100,0,"Sesuai"
"cmogzv3y30003jm04w2pelazt","cmogzv3xx0001jm0481fh5sj5","cmn6uxo5x001hl404xbu77iza",250,250,0,"Sesuai"
"cmogzv3y90005jm047l05lsua","cmogzv3xx0001jm0481fh5sj5","cmn6uxo5q001fl4045v3xbcyq",80,80,0,"Sesuai"
"cmogzv3yc0007jm04ti2ofog7","cmogzv3xx0001jm0481fh5sj5","cmn6uxo5a001bl404gi3lz7xe",50,150,100,"Untuk tes"
"cmogzv3yf0009jm04aweid6sd","cmogzv3xx0001jm0481fh5sj5","cmn6uxo5h001dl404hwz19n03",1000,1000,0,"Sesuai"
"cmogzv3yi000bjm04ckh2dify","cmogzv3xx0001jm0481fh5sj5","cmn6uxocr003al404uua0n5sw",625,625,0,"Sesuai"
"cmogzv3yl000djm04jrurepqn","cmogzv3xx0001jm0481fh5sj5","cmn6uxo5m001el404el39ylsi",250,250,0,"Sesuai"
"cmogzv3yo000fjm042bo0bzp6","cmogzv3xx0001jm0481fh5sj5","cmn6uxokq0056l404iytjmhz1",700,700,0,"Sesuai"
"cmogzv3yr000hjm04um2brrn5","cmogzv3xx0001jm0481fh5sj5","cmn6uxohw004el404yr648ktq",580,580,0,"Sesuai"
"cmogzv3yu000jjm04jb550k4a","cmogzv3xx0001jm0481fh5sj5","cmn6uxolg005dl4046qhb58fy",400,400,0,"Sesuai"
"cmogzv3yx000ljm04y5zceuv0","cmogzv3xx0001jm0481fh5sj5","cmn6uxolu005hl404jxgk0691",440,440,0,"Sesuai"
"cmogzv3z0000njm043p9x0cq5","cmogzv3xx0001jm0481fh5sj5","cmn6uxozw0097l404aspvjqm1",100,100,0,"Sesuai"
"cmogzv3z4000pjm04o3lvgsa3","cmogzv3xx0001jm0481fh5sj5","cmn6uxoqc006nl404t2zlp86z",468,468,0,"Sesuai"
"cmogzv3z7000rjm0491dtzaas","cmogzv3xx0001jm0481fh5sj5","cmn6uxo6c001ll404cud1fces",1280,1280,0,"Sesuai"
"cmogzv3za000tjm04rfz2d4s1","cmogzv3xx0001jm0481fh5sj5","cmn6uxol9005bl404wqby9sr2",170,170,0,"Sesuai"
"cmogzv3zc000vjm04jdh9s1hj","cmogzv3xx0001jm0481fh5sj5","cmnh57v3f001nii04jiigv6ie",470,470,0,"Sesuai"
"cmogzv3zg000xjm04pb3i5ail","cmogzv3xx0001jm0481fh5sj5","cmnh57vm1003rii046cdob0lo",150,150,0,"Sesuai"
"cmogzv3zj000zjm04ckaviln4","cmogzv3xx0001jm0481fh5sj5","cmnh57vfx0030ii04pq8nnbid",500,500,0,"Sesuai"
"cmogzv3zm0011jm04bt0tbu59","cmogzv3xx0001jm0481fh5sj5","cmnh57vtq004iii047vhl4tfv",850,850,0,"Sesuai"
"cmogzv3zo0013jm04jp0gi06s","cmogzv3xx0001jm0481fh5sj5","cmnh57was006tii04hxq52eez",80,80,0,"Sesuai"
"cmogzv3zs0015jm0414ukcpk6","cmogzv3xx0001jm0481fh5sj5","cmnh57wbu006xii04pq0vou5c",800,800,0,"Sesuai"
"cmogzv3zv0017jm0469am2jlz","cmogzv3xx0001jm0481fh5sj5","cmnh57wln007lii04i9v5xst4",500,500,0,"Sesuai"
"cmogzv3zx0019jm04zb1s8ryj","cmogzv3xx0001jm0481fh5sj5","cmnh57xam009uii04kms3op12",480,510,30,"Untuk tes"
"cmogzv400001bjm048w66i38b","cmogzv3xx0001jm0481fh5sj5","cmn6uxoim004ll404old4kyvf",100,100,0,"Sesuai"
"cmogzz425000bjp04i9z9sbbg","cmogzz4210009jp04nsmrncpc","cmn6uxos50073l404ktl7vy5f",1000,1000,0,"Sesuai"
"cmogzz428000djp04ttpbseok","cmogzz4210009jp04nsmrncpc","cmn6uxozw0097l404aspvjqm1",170,170,0,"Sesuai"
"cmogzz42b000fjp04s1o6f360","cmogzz4210009jp04nsmrncpc","cmnh57v3f001nii04jiigv6ie",410,440,30,"Tes baru"
"cmogzz42e000hjp04dayqs87w","cmogzz4210009jp04nsmrncpc","cmnh57v7z0021ii04v1ygmw8m",970,970,0,"Sesuai"
"cmogzz42g000jjp04xc2cmjdo","cmogzz4210009jp04nsmrncpc","cmnh57vax002jii0417lyweva",340,340,0,"Sesuai"
"cmogzz42i000ljp04bvn14lfb","cmogzz4210009jp04nsmrncpc","cmnh57vtq004iii047vhl4tfv",270,270,0,"Sesuai"
"cmogzz42l000njp04yscjmquc","cmogzz4210009jp04nsmrncpc","cmnh57xam009uii04kms3op12",600,600,0,"Sesuai"
"cmoh02ar6000rjp041c9b5149","cmoh02ar4000pjp04pkpn63iz","cmnh57vfx0030ii04pq8nnbid",500,740,240,"mini demplot"
"cmoh02ar8000tjp04cv5rsvlz","cmoh02ar4000pjp04pkpn63iz","cmnh57vtq004iii047vhl4tfv",1000,1000,0,"Sesuai"
"cmoh02arb000vjp04jziyiv8r","cmoh02ar4000pjp04pkpn63iz","cmnh57wln007lii04i9v5xst4",500,500,0,"Sesuai"
"cmoh02arc000xjp04zdq2s0n4","cmoh02ar4000pjp04pkpn63iz","cmnh57xam009uii04kms3op12",600,1050,450,"mini demplot"
"cmoh02are000zjp04owi7fcpy","cmoh02ar4000pjp04pkpn63iz","cmn6uxoim004ll404old4kyvf",250,250,0,"Sesuai"
"cmoh0jkb90003l204r8gtptle","cmoh0jkb10001l2046qvpzypj","cmnh57vfx0030ii04pq8nnbid",500,260,-240,"mini demplot"
"cmoh0jkbf0005l204mtli5box","cmoh0jkb10001l2046qvpzypj","cmnh57vtq004iii047vhl4tfv",1000,1000,0,"Sesuai"
"cmoh0jkbi0007l204kpwcdw59","cmoh0jkb10001l2046qvpzypj","cmnh57wln007lii04i9v5xst4",500,500,0,"Sesuai"
"cmoh0jkbl0009l204vo5ya1zy","cmoh0jkb10001l2046qvpzypj","cmnh57xam009uii04kms3op12",600,270,-330,"mini demplot"
"cmoh0jkbo000bl2049iicntv4","cmoh0jkb10001l2046qvpzypj","cmn6uxoim004ll404old4kyvf",250,250,0,"Sesuai"
"cmoi1zm21000cil04vvdco1nc","cmoi1zm1v000ail04wwcotpnw","cmnh57vfx0030ii04pq8nnbid",500,260,-240,"mini demplot"
"cmoi1zm4c000eil0423pa4xmc","cmoi1zm1v000ail04wwcotpnw","cmnh57vtq004iii047vhl4tfv",1000,1000,0,"Sesuai"
"cmoi1zm4e000gil04cb72hr9g","cmoi1zm1v000ail04wwcotpnw","cmnh57wln007lii04i9v5xst4",500,500,0,"Sesuai"
"cmoi1zm4h000iil04nioark9j","cmoi1zm1v000ail04wwcotpnw","cmnh57xam009uii04kms3op12",600,270,-330,"mini demplot"
"cmoi1zm4j000kil041mw68h50","cmoi1zm1v000ail04wwcotpnw","cmn6uxoim004ll404old4kyvf",250,250,0,"Sesuai"
"cmojklvwb0005jr04co2av5he","cmojklvtr0003jr04sw7znqt2","cmn6uxo5q001fl4045v3xbcyq",770,770,0,"Sesuai"
"cmojklvwq0007jr04v58g5gc6","cmojklvtr0003jr04sw7znqt2","cmn6uxo5a001bl404gi3lz7xe",900,900,0,"Sesuai"
"cmojklvwt0009jr046yyh8pxs","cmojklvtr0003jr04sw7znqt2","cmn6uxo5h001dl404hwz19n03",1000,1000,0,"Sesuai"
"cmojklvwx000bjr047fqszv6f","cmojklvtr0003jr04sw7znqt2","cmn6uxocr003al404uua0n5sw",1000,1000,0,"Sesuai"
"cmojklvx1000djr04js9c2zo8","cmojklvtr0003jr04sw7znqt2","cmn6uxo5m001el404el39ylsi",250,250,0,"Sesuai"
"cmojklvx3000fjr04o60vo9r6","cmojklvtr0003jr04sw7znqt2","cmn6uxojz004zl404ieofic0p",3000,3000,0,"Sesuai"
"cmojklvx7000hjr042dhjs6nm","cmojklvtr0003jr04sw7znqt2","cmn6uxokq0056l404iytjmhz1",1000,1000,0,"Sesuai"
"cmojklvxb000jjr04agtfbpo9","cmojklvtr0003jr04sw7znqt2","cmn6uxohw004el404yr648ktq",2500,2500,0,"Sesuai"
"cmojklvxe000ljr04twmgt46d","cmojklvtr0003jr04sw7znqt2","cmn6uxoi0004fl404rc3xrewg",500,500,0,"Sesuai"
"cmojklvxh000njr04v3ciakoq","cmojklvtr0003jr04sw7znqt2","cmn6uxojs004xl404eoinwe8z",3000,3000,0,"Sesuai"
"cmojklvxk000pjr04jt57fv2s","cmojklvtr0003jr04sw7znqt2","cmn6uxojw004yl404s5fx1z5y",1000,1000,0,"Sesuai"
"cmojklvxn000rjr04caf6y8re","cmojklvtr0003jr04sw7znqt2","cmn6uxope006el4042tfxjgry",1100,1100,0,"Sesuai"
"cmojklvxp000tjr04y18629cn","cmojklvtr0003jr04sw7znqt2","cmn6uxolg005dl4046qhb58fy",400,400,0,"Sesuai"
"cmojklvxu000vjr04jv9fpefd","cmojklvtr0003jr04sw7znqt2","cmn6uxolu005hl404jxgk0691",3500,3500,0,"Sesuai"
"cmojklvxw000xjr04qtlbqvk0","cmojklvtr0003jr04sw7znqt2","cmn6uxos50073l404ktl7vy5f",4160,4160,0,"Sesuai"
"cmojklvxz000zjr04h89iu1hi","cmojklvtr0003jr04sw7znqt2","cmn6uxoza0091l404q2kic93u",1000,1000,0,"Sesuai"
"cmojklvy10011jr04jg0yxmop","cmojklvtr0003jr04sw7znqt2","cmn6uxozw0097l404aspvjqm1",600,600,0,"Sesuai"
"cmojklvy50013jr04w72vwrfk","cmojklvtr0003jr04sw7znqt2","cmn6uxoqc006nl404t2zlp86z",1100,1100,0,"Sesuai"
"cmojklvy70015jr04sealtp7t","cmojklvtr0003jr04sw7znqt2","cmn6uxol9005bl404wqby9sr2",1300,1300,0,"Sesuai"
"cmojklvya0017jr0423zialf0","cmojklvtr0003jr04sw7znqt2","cmnh57uwr000zii04jxdbomov",1500,1500,0,"Sesuai"
"cmojklvyc0019jr04s7wd8k5y","cmojklvtr0003jr04sw7znqt2","cmnh57v3f001nii04jiigv6ie",450,450,0,"Sesuai"
"cmojklvyf001bjr044ge9snrj","cmojklvtr0003jr04sw7znqt2","cmnh57v7z0021ii04v1ygmw8m",240,2500,2260,"Biogent diterima tanggal 28/4/26 setelah demo agrolens"
"cmojklvyi001djr04dtsztdsi","cmojklvtr0003jr04sw7znqt2","cmnh57v8h0024ii04jsswkmm5",300,300,0,"Sesuai"
"cmojklvyk001fjr0468nbsnej","cmojklvtr0003jr04sw7znqt2","cmnh57vm1003rii046cdob0lo",500,500,0,"Sesuai"
"cmojklvyn001hjr04hnocjh0k","cmojklvtr0003jr04sw7znqt2","cmnh57vfx0030ii04pq8nnbid",500,500,0,"Sesuai"
"cmojklvyp001jjr04qql0w8o1","cmojklvtr0003jr04sw7znqt2","cmnh57was006tii04hxq52eez",120,120,0,"Sesuai"
"cmojklvys001ljr04nbdbljts","cmojklvtr0003jr04sw7znqt2","cmnh57wbu006xii04pq0vou5c",500,500,0,"Sesuai"
"cmojklvyu001njr04537sqrio","cmojklvtr0003jr04sw7znqt2","cmnh57wln007lii04i9v5xst4",1680,1680,0,"Sesuai"
"cmojklvyy001pjr04n654tbbi","cmojklvtr0003jr04sw7znqt2","cmnh57x58009aii04atdq2zfe",2000,2000,0,"Sesuai"
"cmojklvz1001rjr04u7bg9kg7","cmojklvtr0003jr04sw7znqt2","cmn6uxoim004ll404old4kyvf",250,250,0,"Sesuai"
"cmoqqfdb40003l704x07joi2m","cmoqqfdaq0001l704zm138q7z","cmn6uxo5q001fl4045v3xbcyq",6000,6000,0,"Sesuai"
"cmoqqfdbz0005l704q3wut1c1","cmoqqfdaq0001l704zm138q7z","cmn6uxo5a001bl404gi3lz7xe",300,300,0,"Sesuai"
"cmoqqfdc30007l704a3ja54o1","cmoqqfdaq0001l704zm138q7z","cmnh57wm9007mii04yuo77pw6",100,100,0,"Sesuai"
"cmoqqfdc60009l704n2gft3r9","cmoqqfdaq0001l704zm138q7z","cmn6uxocr003al404uua0n5sw",400,400,0,"Sesuai"
"cmoqqfdc9000bl704i5kgex0q","cmoqqfdaq0001l704zm138q7z","cmn6uxok70051l40406ivopv3",1000,1000,0,"Sesuai"
"cmoqqfdcc000dl704la3gz0sp","cmoqqfdaq0001l704zm138q7z","cmn6uxoi0004fl404rc3xrewg",500,500,0,"Sesuai"
"cmoqqfdci000fl7040d8imkr6","cmoqqfdaq0001l704zm138q7z","cmn6uxojs004xl404eoinwe8z",1800,1800,0,"Sesuai"
"cmoqqfdcl000hl7047d6ccqpf","cmoqqfdaq0001l704zm138q7z","cmn6uxope006el4042tfxjgry",400,400,0,"Sesuai"
"cmoqqfdcn000jl704ggtxjhvs","cmoqqfdaq0001l704zm138q7z","cmn6uxos50073l404ktl7vy5f",50,50,0,"Sesuai"
"cmoqqfdcq000ll704q6tl9z5y","cmoqqfdaq0001l704zm138q7z","cmn6uxoq7006ml404ailjlgqi",500,500,0,"Sesuai"
"cmoqqfdct000nl704x4key36p","cmoqqfdaq0001l704zm138q7z","cmnh57v7z0021ii04v1ygmw8m",100,100,0,"Sesuai"
"cmoqqfdcw000pl7049irf99fj","cmoqqfdaq0001l704zm138q7z","cmnh57wbu006xii04pq0vou5c",950,950,0,"Sesuai"
"cmoqqfdcz000rl704dom8ufe1","cmoqqfdaq0001l704zm138q7z","cmnh57was006tii04hxq52eez",40,40,0,"Sesuai"
"cmoqqfdd2000tl704krw72c14","cmoqqfdaq0001l704zm138q7z","cmnh57xam009uii04kms3op12",1140,1140,0,"Sesuai"
"cmoqqfdd6000vl704fmgrx1l4","cmoqqfdaq0001l704zm138q7z","cmnh57x58009aii04atdq2zfe",2800,2800,0,"Sesuai"
"cmoqqfdd8000xl704asxe413a","cmoqqfdaq0001l704zm138q7z","cmnh57vat002iii04tmhled2o",160,160,0,"Sesuai"
"cmorwt1420003l204qaa3zww7","cmorwt10w0001l204gpwblrja","cmn6uxo5a001bl404gi3lz7xe",125,125,0,"Sesuai"
"cmorwt14g0005l2041egut4gf","cmorwt10w0001l204gpwblrja","cmn6uxocr003al404uua0n5sw",1000,1000,0,"Sesuai"
"cmorwt14m0007l204jk3g9hvw","cmorwt10w0001l204gpwblrja","cmn6uxo5m001el404el39ylsi",180,180,0,"Sesuai"
"cmorwt14o0009l2043uulgln8","cmorwt10w0001l204gpwblrja","cmn6uxohw004el404yr648ktq",140,140,0,"Sesuai"
"cmorwt14r000bl2044y6rzhdm","cmorwt10w0001l204gpwblrja","cmn6uxoi0004fl404rc3xrewg",400,400,0,"Sesuai"
"cmorwt14t000dl204p9qa3cxl","cmorwt10w0001l204gpwblrja","cmn6uxojs004xl404eoinwe8z",750,750,0,"Sesuai"
"cmorwt14w000fl204haylmrcm","cmorwt10w0001l204gpwblrja","cmn6uxojz004zl404ieofic0p",930,930,0,"Sesuai"
"cmorwt14y000hl204too1trz3","cmorwt10w0001l204gpwblrja","cmn6uxope006el4042tfxjgry",484,484,0,"Sesuai"
"cmorwt150000jl204nzrzzfiw","cmorwt10w0001l204gpwblrja","cmn6uxolu005hl404jxgk0691",410,410,0,"Sesuai"
"cmorwt152000ll20496d4ppj4","cmorwt10w0001l204gpwblrja","cmn6uxos50073l404ktl7vy5f",800,800,0,"Sesuai"
"cmorwt154000nl204d35h13d0","cmorwt10w0001l204gpwblrja","cmn6uxoza0091l404q2kic93u",250,250,0,"Sesuai"
"cmorwt156000pl204j5ex4tnx","cmorwt10w0001l204gpwblrja","cmn6uxozw0097l404aspvjqm1",300,300,0,"Sesuai"
"cmorwt158000rl2042d3dbx9d","cmorwt10w0001l204gpwblrja","cmn6uxoqc006nl404t2zlp86z",310,310,0,"Sesuai"
"cmorwt15a000tl204yn7opgb5","cmorwt10w0001l204gpwblrja","cmn6uxo6c001ll404cud1fces",1500,1500,0,"Sesuai"
"cmorwt15c000vl20463vvmr0p","cmorwt10w0001l204gpwblrja","cmn6uxoho004cl404shdz6ehi",1000,1000,0,"Sesuai"
"cmorwt15e000xl204aylyxglv","cmorwt10w0001l204gpwblrja","cmnh57uwr000zii04jxdbomov",1000,1000,0,"Sesuai"
"cmorwt15g000zl204iac0713l","cmorwt10w0001l204gpwblrja","cmnh57v3f001nii04jiigv6ie",120,120,0,"Sesuai"
"cmorwt15i0011l2045qv66it5","cmorwt10w0001l204gpwblrja","cmnh57v7z0021ii04v1ygmw8m",550,550,0,"Sesuai"
"cmorwt15k0013l204yktsc9s5","cmorwt10w0001l204gpwblrja","cmnh57vax002jii0417lyweva",400,400,0,"Sesuai"
"cmorwt15m0015l20427l5532p","cmorwt10w0001l204gpwblrja","cmnh57vtq004iii047vhl4tfv",2260,2260,0,"Sesuai"
"cmorwt15o0017l204uv27iudh","cmorwt10w0001l204gpwblrja","cmnh57wf30074ii04no40fld7",400,400,0,"Sesuai"
"cmorwt15q0019l204rfj9eyo1","cmorwt10w0001l204gpwblrja","cmnh57xam009uii04kms3op12",275,275,0,"Sesuai"
"cmorwt15s001bl204ue2xw7sx","cmorwt10w0001l204gpwblrja","cmn6uxoim004ll404old4kyvf",1500,1500,0,"Sesuai"
"cmotitdku0003l504pv14y80d","cmotitdhe0001l504uw2tk0p3","cmn6uxo5q001fl4045v3xbcyq",6000,6000,0,"Sesuai"
"cmotitdl90005l504lbo1foas","cmotitdhe0001l504uw2tk0p3","cmnh57wm9007mii04yuo77pw6",100,100,0,"Sesuai"
"cmotitdln0007l504uqkncmab","cmotitdhe0001l504uw2tk0p3","cmn6uxo5a001bl404gi3lz7xe",300,300,0,"Sesuai"
"cmotitdlq0009l504aq0l6z87","cmotitdhe0001l504uw2tk0p3","cmn6uxocr003al404uua0n5sw",401,401,0,"Sesuai"
"cmotitdlt000bl504xdso46mp","cmotitdhe0001l504uw2tk0p3","cmn6uxok70051l40406ivopv3",1000,1000,0,"Sesuai"
"cmotitdlw000dl504ku0pmxrt","cmotitdhe0001l504uw2tk0p3","cmn6uxojs004xl404eoinwe8z",1800,1800,0,"Sesuai"
"cmotitdlz000fl50469cb5wuv","cmotitdhe0001l504uw2tk0p3","cmn6uxope006el4042tfxjgry",400,400,0,"Sesuai"
"cmotitdm2000hl504xm77x6qi","cmotitdhe0001l504uw2tk0p3","cmn6uxowg0088l40447uwraw0",500,500,0,"Sesuai"
"cmotitdm6000jl504zwcsu0ou","cmotitdhe0001l504uw2tk0p3","cmn6uxos50073l404ktl7vy5f",50,50,0,"Sesuai"
"cmotitdm9000ll504c4y7s0qj","cmotitdhe0001l504uw2tk0p3","cmn6uxoyi008tl404qhxdtcna",250,250,0,"Sesuai"
"cmotitdmf000nl504t8jteqru","cmotitdhe0001l504uw2tk0p3","cmnh57wmq007oii04r02hg3xm",250,250,0,"Sesuai"
"cmotitdmh000pl504cj9rac0o","cmotitdhe0001l504uw2tk0p3","cmn6uxoqc006nl404t2zlp86z",1,500,499,"Terjadi kesalahan satuan saat mengajukan. yang diajukan 1 botol isi 500 ml, yang masuk ke stok hanya 1 ml"
"cmotitdmk000rl504qcmumftg","cmotitdhe0001l504uw2tk0p3","cmn6uxoq7006ml404ailjlgqi",500,500,0,"Sesuai"
"cmotitdmm000tl50480xdqgyw","cmotitdhe0001l504uw2tk0p3","cmnh57v7z0021ii04v1ygmw8m",10,10,0,"Sesuai"
"cmotitdmp000vl50420tsrcry","cmotitdhe0001l504uw2tk0p3","cmnh57vfx0030ii04pq8nnbid",1000,1000,0,"Sesuai"
"cmotitdmr000xl504vli9kyed","cmotitdhe0001l504uw2tk0p3","cmnh57vs4004eii040hxc490q",500,500,0,"Sesuai"
"cmotitdmu000zl504zs9tdp14","cmotitdhe0001l504uw2tk0p3","cmnh57was006tii04hxq52eez",40,40,0,"Sesuai"
"cmotitdmw0011l504bjbbxhd5","cmotitdhe0001l504uw2tk0p3","cmnh57wbu006xii04pq0vou5c",950,950,0,"Sesuai"
"cmotitdn10013l504rkcyn8kz","cmotitdhe0001l504uw2tk0p3","cmnh57x58009aii04atdq2zfe",2800,2800,0,"Sesuai"
"cmotitdn40015l504iztl93mf","cmotitdhe0001l504uw2tk0p3","cmnh57xam009uii04kms3op12",1140,1140,0,"Sesuai"
"cmotitdn70017l504oans0j3p","cmotitdhe0001l504uw2tk0p3","cmn6uxo16000al404nnckxne1",250,250,0,"Sesuai"
"cmotk6a860005l1048ceoochh","cmotk6a7z0003l104o6k2gejm","cmn6uxo5q001fl4045v3xbcyq",1000,1000,0,"Sesuai"
"cmotk6a8c0007l1042fjoiakv","cmotk6a7z0003l104o6k2gejm","cmn6uxo55001al404c81dfevg",100,100,0,"Sesuai"
"cmotk6a8f0009l104tqsfaawm","cmotk6a7z0003l104o6k2gejm","cmn6uxo510019l404db2jw3c6",800,800,0,"Sesuai"
"cmotk6a8j000bl104alebeazv","cmotk6a7z0003l104o6k2gejm","cmn6uxo6n001ol404xfb5sx0v",1000,1000,0,"Sesuai"
"cmotk6a8m000dl104zigqj9jc","cmotk6a7z0003l104o6k2gejm","cmn6uxocr003al404uua0n5sw",1000,1000,0,"Sesuai"
"cmotk6a8q000fl1046l44sldo","cmotk6a7z0003l104o6k2gejm","cmn6uxo5m001el404el39ylsi",410,410,0,"Sesuai"
"cmotk6a8t000hl104iwjufnpx","cmotk6a7z0003l104o6k2gejm","cmn6uxohw004el404yr648ktq",610,610,0,"Sesuai"
"cmotk6a8w000jl104r58gf8co","cmotk6a7z0003l104o6k2gejm","cmn6uxoi0004fl404rc3xrewg",1000,1000,0,"Sesuai"
"cmotk6a8y000ll104aeskmow2","cmotk6a7z0003l104o6k2gejm","cmn6uxok30050l4047l8foxwq",1000,1000,0,"Sesuai"
"cmotk6a91000nl104w3xszz0y","cmotk6a7z0003l104o6k2gejm","cmn6uxojs004xl404eoinwe8z",1000,1000,0,"Sesuai"
"cmotk6a94000pl104yko1r26d","cmotk6a7z0003l104o6k2gejm","cmn6uxojz004zl404ieofic0p",1000,1000,0,"Sesuai"
"cmotk6a97000rl104eu6739bd","cmotk6a7z0003l104o6k2gejm","cmn6uxolu005hl404jxgk0691",1000,1000,0,"Sesuai"
"cmotk6a99000tl1044adwacem","cmotk6a7z0003l104o6k2gejm","cmn6uxowg0088l40447uwraw0",500,500,0,"Sesuai"
"cmotk6a9c000vl1042t04wq2w","cmotk6a7z0003l104o6k2gejm","cmn6uxos50073l404ktl7vy5f",400,400,0,"Sesuai"
"cmotk6a9f000xl104hobpt3ub","cmotk6a7z0003l104o6k2gejm","cmn6uxozw0097l404aspvjqm1",100,100,0,"Sesuai"
"cmotk6a9h000zl104oq4az8yc","cmotk6a7z0003l104o6k2gejm","cmnh57wmq007oii04r02hg3xm",500,500,0,"Sesuai"
"cmotk6a9l0011l104ar4wnt7j","cmotk6a7z0003l104o6k2gejm","cmn6uxoqc006nl404t2zlp86z",2,1000,998,"Kesalahan input pada saat pengajuan"
"cmotk6a9n0013l104hs5lxapr","cmotk6a7z0003l104o6k2gejm","cmn6uxoho004cl404shdz6ehi",1000,1000,0,"Sesuai"
"cmotk6a9q0015l104hn2m4888","cmotk6a7z0003l104o6k2gejm","cmnh57uwr000zii04jxdbomov",1000,1000,0,"Sesuai"
"cmotk6a9t0017l104g830cs8w","cmotk6a7z0003l104o6k2gejm","cmnh57ux40011ii04wyhrud9s",2000,2000,0,"Sesuai"
"cmotk6a9w0019l1045m0ebchf","cmotk6a7z0003l104o6k2gejm","cmnh57uz80013ii04ndixblbn",25,25,0,"Sesuai"
"cmotk6a9y001bl104tn653jtr","cmotk6a7z0003l104o6k2gejm","cmnh57v3f001nii04jiigv6ie",500,500,0,"Sesuai"
"cmotk6aa1001dl1043syztkul","cmotk6a7z0003l104o6k2gejm","cmnh57v5l001tii04p3vkkf9m",800,800,0,"Sesuai"
"cmotk6aa4001fl104p4470f93","cmotk6a7z0003l104o6k2gejm","cmnh57v75001xii04sjvur9am",1000,1000,0,"Sesuai"
"cmotk6aa6001hl104v5fwv1hu","cmotk6a7z0003l104o6k2gejm","cmnh57v7p0020ii04zqg6d80s",500,500,0,"Sesuai"
"cmotk6aa9001jl1042vr240aw","cmotk6a7z0003l104o6k2gejm","cmnh57v7z0021ii04v1ygmw8m",1000,1000,0,"Sesuai"
"cmotk6aac001ll104lp4pi9d2","cmotk6a7z0003l104o6k2gejm","cmnh57v9t002dii04lgcp0cz3",500,500,0,"Sesuai"
"cmotk6aaf001nl1043x0to8y6","cmotk6a7z0003l104o6k2gejm","cmnh57vg50031ii04b1euys0x",1000,1000,0,"Sesuai"
"cmotk6aai001pl104eplb2hvr","cmotk6a7z0003l104o6k2gejm","cmn6uxol10059l404yru66sso",780,780,0,"Sesuai"
"cmotk6aak001rl104jhvk616e","cmotk6a7z0003l104o6k2gejm","cmnh57vs4004eii040hxc490q",4000,4000,0,"Sesuai"
"cmotk6aan001tl104z6w7rdhb","cmotk6a7z0003l104o6k2gejm","cmnh57vtq004iii047vhl4tfv",390,390,0,"Sesuai"
"cmotk6aaq001vl104le5e0vfc","cmotk6a7z0003l104o6k2gejm","cmnh57x58009aii04atdq2zfe",2500,2500,0,"Sesuai"
"cmov3w88o0003jp04ykx4mzef","cmov3w84i0001jp04e7h6l8ex","cmn6uxo5q001fl4045v3xbcyq",770,770,0,"Sesuai"
"cmov3w8900005jp0412fhcoxo","cmov3w84i0001jp04e7h6l8ex","cmn6uxo5a001bl404gi3lz7xe",400,400,0,"Sesuai"
"cmov3w8930007jp04sa5uzs1a","cmov3w84i0001jp04e7h6l8ex","cmn6uxo5h001dl404hwz19n03",1000,1000,0,"Sesuai"
"cmov3w8950009jp045doi4rqb","cmov3w84i0001jp04e7h6l8ex","cmn6uxo5m001el404el39ylsi",250,250,0,"Sesuai"
"cmov3w897000bjp04mf3kcxv9","cmov3w84i0001jp04e7h6l8ex","cmn6uxokq0056l404iytjmhz1",1000,1000,0,"Sesuai"
"cmov3w89a000djp04gcbcgq0a","cmov3w84i0001jp04e7h6l8ex","cmn6uxohw004el404yr648ktq",2500,2500,0,"Sesuai"
"cmov3w89g000fjp043lbotr4x","cmov3w84i0001jp04e7h6l8ex","cmn6uxoi0004fl404rc3xrewg",500,500,0,"Sesuai"
"cmov3w89i000hjp04i1sy5fhm","cmov3w84i0001jp04e7h6l8ex","cmn6uxojs004xl404eoinwe8z",3000,3000,0,"Sesuai"
"cmov3w89l000jjp046q6c8my7","cmov3w84i0001jp04e7h6l8ex","cmn6uxojz004zl404ieofic0p",3000,3000,0,"Sesuai"
"cmov3w89q000ljp04y722xga1","cmov3w84i0001jp04e7h6l8ex","cmn6uxope006el4042tfxjgry",500,500,0,"Sesuai"
"cmov3w89s000njp04iiks7qlz","cmov3w84i0001jp04e7h6l8ex","cmn6uxolg005dl4046qhb58fy",400,400,0,"Sesuai"
"cmov3w89t000pjp04nju8cy0h","cmov3w84i0001jp04e7h6l8ex","cmn6uxolu005hl404jxgk0691",3500,3500,0,"Sesuai"
"cmov3w89z000rjp043twq3zl8","cmov3w84i0001jp04e7h6l8ex","cmn6uxos50073l404ktl7vy5f",2160,2160,0,"Sesuai"
"cmov3w8a2000tjp047snbaby3","cmov3w84i0001jp04e7h6l8ex","cmn6uxoza0091l404q2kic93u",1000,1000,0,"Sesuai"
"cmov3w8a6000vjp040nn0af8j","cmov3w84i0001jp04e7h6l8ex","cmn6uxozw0097l404aspvjqm1",600,600,0,"Sesuai"
"cmov3w8a8000xjp04rueahnp3","cmov3w84i0001jp04e7h6l8ex","cmn6uxoqc006nl404t2zlp86z",1100,1100,0,"Sesuai"
"cmov3w8ah000zjp04gzo0qucq","cmov3w84i0001jp04e7h6l8ex","cmn6uxol9005bl404wqby9sr2",1300,1300,0,"Sesuai"
"cmov3w8aj0011jp04t2a9tedq","cmov3w84i0001jp04e7h6l8ex","cmnh57uwr000zii04jxdbomov",1000,1000,0,"Sesuai"
"cmov3w8al0013jp045j5ct60a","cmov3w84i0001jp04e7h6l8ex","cmnh57v7z0021ii04v1ygmw8m",1000,960,-40,"Pak Dedy Kurniawan minta sampel untuk 1 tengki"
"cmov3w8an0015jp04k37vvbtg","cmov3w84i0001jp04e7h6l8ex","cmnh57vm1003rii046cdob0lo",500,500,0,"Sesuai"
"cmov3w8ap0017jp04tqdkh421","cmov3w84i0001jp04e7h6l8ex","cmnh57was006tii04hxq52eez",120,120,0,"Sesuai"
"cmov3w8ar0019jp04b19tjwf4","cmov3w84i0001jp04e7h6l8ex","cmnh57wbu006xii04pq0vou5c",500,500,0,"Sesuai"
"cmov3w8ax001bjp04c3fmdefe","cmov3w84i0001jp04e7h6l8ex","cmnh57wln007lii04i9v5xst4",1680,1680,0,"Sesuai"
"cmov3w8az001djp042coenane","cmov3w84i0001jp04e7h6l8ex","cmnh57x58009aii04atdq2zfe",2000,2000,0,"Sesuai"
"cmov3w8b1001fjp04jrsuuukl","cmov3w84i0001jp04e7h6l8ex","cmn6uxoim004ll404old4kyvf",250,250,0,"Sesuai"
"cmp2fvald0003if047f1vtuvc","cmp2fval50001if0495w9gcmn","cmn6uxo5q001fl4045v3xbcyq",770,770,0,"Sesuai"
"cmp2fvalp0005if04f0j04hyc","cmp2fval50001if0495w9gcmn","cmn6uxo5a001bl404gi3lz7xe",400,400,0,"Sesuai"
"cmp2fvals0007if04etnapnva","cmp2fval50001if0495w9gcmn","cmn6uxo5h001dl404hwz19n03",1000,1000,0,"Sesuai"
"cmp2fvalu0009if04y5pybwbw","cmp2fval50001if0495w9gcmn","cmn6uxocr003al404uua0n5sw",5,5000,4995,"Bug"
"cmp2fvalw000bif04anq6uuiz","cmp2fval50001if0495w9gcmn","cmn6uxo5m001el404el39ylsi",250.004,250,-0.003999999999990678,"Bug"
"cmp2fvalz000dif04dank118d","cmp2fval50001if0495w9gcmn","cmn6uxohw004el404yr648ktq",2500,2500,0,"Sesuai"
"cmp2fvam1000fif04jpqww0xb","cmp2fval50001if0495w9gcmn","cmn6uxoi0004fl404rc3xrewg",500,500,0,"Sesuai"
"cmp2fvam3000hif04wdxqh3n4","cmp2fval50001if0495w9gcmn","cmn6uxojs004xl404eoinwe8z",3000,3000,0,"Sesuai"
"cmp2fvam5000jif041eori096","cmp2fval50001if0495w9gcmn","cmn6uxojz004zl404ieofic0p",2000,2000,0,"Sesuai"
"cmp2fvam7000lif04g78ehd0y","cmp2fval50001if0495w9gcmn","cmn6uxokq0056l404iytjmhz1",1000,1000,0,"Sesuai"
"cmp2fvam9000nif04tckk2q01","cmp2fval50001if0495w9gcmn","cmn6uxolg005dl4046qhb58fy",400,400,0,"Sesuai"
"cmp2fvamb000pif04ckt1m88d","cmp2fval50001if0495w9gcmn","cmn6uxolu005hl404jxgk0691",3500,3500,0,"Sesuai"
"cmp2fvamd000rif04odo3n7hz","cmp2fval50001if0495w9gcmn","cmn6uxope006el4042tfxjgry",500,500,0,"Sesuai"
"cmp2fvamf000tif04c1dhm0hz","cmp2fval50001if0495w9gcmn","cmn6uxos50073l404ktl7vy5f",1160,1160,0,"Sesuai"
"cmp2fvamh000vif04o328k8rf","cmp2fval50001if0495w9gcmn","cmn6uxowg0088l40447uwraw0",0.008,2000,1999.992,"Bug"
"cmp2fvamj000xif040u8fedvn","cmp2fval50001if0495w9gcmn","cmn6uxoza0091l404q2kic93u",1000,1000,0,"Sesuai"
"cmp2fvaml000zif04lmg26umn","cmp2fval50001if0495w9gcmn","cmn6uxozw0097l404aspvjqm1",600,600,0,"Sesuai"
"cmp2fvamn0011if04wz3syxgz","cmp2fval50001if0495w9gcmn","cmn6uxol9005bl404wqby9sr2",1300,1300,0,"Sesuai"
"cmp2fvamq0013if04o76o526r","cmp2fval50001if0495w9gcmn","cmn6uxoie004jl404oem0uygb",0.01,0.01,0,"Sesuai"
"cmp2fvams0015if043hbigexd","cmp2fval50001if0495w9gcmn","cmn6uxoqc006nl404t2zlp86z",1100,1100,0,"Sesuai"
"cmp2fvamu0017if047dw4fq8e","cmp2fval50001if0495w9gcmn","cmnh57uwr000zii04jxdbomov",1000,1000,0,"Sesuai"
"cmp2fvamw0019if04xxmnnzxh","cmp2fval50001if0495w9gcmn","cmnh57vm1003rii046cdob0lo",500,500,0,"Sesuai"
"cmp2fvamy001bif04jllew37l","cmp2fval50001if0495w9gcmn","cmnh57was006tii04hxq52eez",120,120,0,"Sesuai"
"cmp2fvan1001dif04cj4uwo05","cmp2fval50001if0495w9gcmn","cmnh57wbu006xii04pq0vou5c",500,500,0,"Sesuai"
"cmp2fvan3001fif04lt0ktli7","cmp2fval50001if0495w9gcmn","cmnh57wln007lii04i9v5xst4",1680,1680,0,"Sesuai"
"cmp2fvan5001hif049bmzu7b1","cmp2fval50001if0495w9gcmn","cmnh57x58009aii04atdq2zfe",2000,2000,0,"Sesuai"
"cmp2fvan7001jif04loe0h5n6","cmp2fval50001if0495w9gcmn","cmnh57xam009uii04kms3op12",3.005,3.2,0.1950000000000003,"Bug"
"cmp2fvan9001lif04l3fv902j","cmp2fval50001if0495w9gcmn","cmn6uxoim004ll404old4kyvf",250,250,0,"Sesuai"
"cmp2fvanb001nif045j8lx1gh","cmp2fval50001if0495w9gcmn","cmouxc5zv000yk104gxb8slec",5000,5000,0,"Sesuai"
"cmp2fvand001pif04jwm1ljhw","cmp2fval50001if0495w9gcmn","cmouwlvxl0009kz04y8l0evzr",1,1500,1499,"Bug"
"cmp2fvanf001rif04ktmw8ruz","cmp2fval50001if0495w9gcmn","cmouwmhel000ajr048rsb19au",10,0,-10,"Bug"
"cmp2fvanh001tif04jj5fvuwp","cmp2fval50001if0495w9gcmn","cmouwn7qg000djr04oxs8tq15",4,1000,996,"Bug"
"cmp2fvank001vif044uxe5ja3","cmp2fval50001if0495w9gcmn","cmouxek320017k104nt25byuu",5,150,145,"Bug"
"cmp2g0czk0003ju04xp3wwo12","cmp2g0czd0001ju04qqxqxd02","cmn6uxo5q001fl4045v3xbcyq",770,770,0,"Sesuai"
"cmp2g0czo0005ju04fv2jfaae","cmp2g0czd0001ju04qqxqxd02","cmn6uxo5a001bl404gi3lz7xe",400,400,0,"Sesuai"
"cmp2g0czr0007ju04u0nvfpj3","cmp2g0czd0001ju04qqxqxd02","cmn6uxo5h001dl404hwz19n03",1000,1000,0,"Sesuai"
"cmp2g0czt0009ju04xy9vs3q6","cmp2g0czd0001ju04qqxqxd02","cmn6uxocr003al404uua0n5sw",5000,5000,0,"Sesuai"
"cmp2g0czw000bju04wcshb6tv","cmp2g0czd0001ju04qqxqxd02","cmn6uxo5m001el404el39ylsi",250,250,0,"Sesuai"
"cmp2g0czy000dju04a0q6pfrh","cmp2g0czd0001ju04qqxqxd02","cmn6uxohw004el404yr648ktq",2500,2500,0,"Sesuai"
"cmp2g0d02000fju04hmlrwul7","cmp2g0czd0001ju04qqxqxd02","cmn6uxoi0004fl404rc3xrewg",500,500,0,"Sesuai"
"cmp2g0d05000hju04vg3e2zl6","cmp2g0czd0001ju04qqxqxd02","cmn6uxojs004xl404eoinwe8z",3000,3000,0,"Sesuai"
"cmp2g0d07000jju04jp9chwbq","cmp2g0czd0001ju04qqxqxd02","cmn6uxojz004zl404ieofic0p",2000,2000,0,"Sesuai"
"cmp2g0d09000lju04x1q2v62q","cmp2g0czd0001ju04qqxqxd02","cmn6uxokq0056l404iytjmhz1",1000,1000,0,"Sesuai"
"cmp2g0d0c000nju04l4i1tiae","cmp2g0czd0001ju04qqxqxd02","cmn6uxolg005dl4046qhb58fy",400,400,0,"Sesuai"
"cmp2g0d0e000pju04eqy85sio","cmp2g0czd0001ju04qqxqxd02","cmn6uxolu005hl404jxgk0691",3500,3500,0,"Sesuai"
"cmp2g0d0g000rju04q3ubxnvi","cmp2g0czd0001ju04qqxqxd02","cmn6uxope006el4042tfxjgry",500,500,0,"Sesuai"
"cmp2g0d0i000tju042ipxjsya","cmp2g0czd0001ju04qqxqxd02","cmn6uxos50073l404ktl7vy5f",1160,0,-1160,"Bug"
"cmp2g0d0k000vju04kgpjdgxj","cmp2g0czd0001ju04qqxqxd02","cmn6uxowg0088l40447uwraw0",2000,2000,0,"Sesuai"
"cmp2g0d0m000xju047tj03nxx","cmp2g0czd0001ju04qqxqxd02","cmn6uxoza0091l404q2kic93u",1000,1000,0,"Sesuai"
"cmp2g0d0p000zju04u9v0j3ot","cmp2g0czd0001ju04qqxqxd02","cmn6uxozw0097l404aspvjqm1",600,600,0,"Sesuai"
"cmp2g0d0r0011ju04wxgce0y3","cmp2g0czd0001ju04qqxqxd02","cmn6uxol9005bl404wqby9sr2",1300,1300,0,"Sesuai"
"cmp2g0d0u0013ju04dm2vp9e7","cmp2g0czd0001ju04qqxqxd02","cmn6uxoie004jl404oem0uygb",0.01,400,399.99,"Bug"
"cmp2g0d0w0015ju04syqvv119","cmp2g0czd0001ju04qqxqxd02","cmn6uxoqc006nl404t2zlp86z",1100,1100,0,"Sesuai"
"cmp2g0d0y0017ju04120dr7i9","cmp2g0czd0001ju04qqxqxd02","cmnh57uwr000zii04jxdbomov",1000,1000,0,"Sesuai"
"cmp2g0d110019ju047sgeak7v","cmp2g0czd0001ju04qqxqxd02","cmnh57vm1003rii046cdob0lo",500,500,0,"Sesuai"
"cmp2g0d14001bju04kup9cmqo","cmp2g0czd0001ju04qqxqxd02","cmnh57was006tii04hxq52eez",120,120,0,"Sesuai"
"cmp2g0d16001dju04pue2tp6k","cmp2g0czd0001ju04qqxqxd02","cmnh57wbu006xii04pq0vou5c",500,500,0,"Sesuai"
"cmp2g0d19001fju04gmulvo28","cmp2g0czd0001ju04qqxqxd02","cmnh57wln007lii04i9v5xst4",1680,1680,0,"Sesuai"
"cmp2g0d1b001hju04xeick4pd","cmp2g0czd0001ju04qqxqxd02","cmnh57x58009aii04atdq2zfe",2000,2000,0,"Sesuai"
"cmp2g0d1d001jju04uhdo3wy6","cmp2g0czd0001ju04qqxqxd02","cmnh57xam009uii04kms3op12",3.2,3200,3196.8,"Bug"
"cmp2g0d1g001lju04juccqi1x","cmp2g0czd0001ju04qqxqxd02","cmn6uxoim004ll404old4kyvf",250,250,0,"Sesuai"
"cmp2g0d1i001nju04p1fwyo4b","cmp2g0czd0001ju04qqxqxd02","cmouxc5zv000yk104gxb8slec",5000,5000,0,"Sesuai"
"cmp2g0d1k001pju04zgvyg59o","cmp2g0czd0001ju04qqxqxd02","cmouwlvxl0009kz04y8l0evzr",1500,1500,0,"Sesuai"
"cmp2g0d1m001rju04i9sirztt","cmp2g0czd0001ju04qqxqxd02","cmouwn7qg000djr04oxs8tq15",1000,1000,0,"Sesuai"
"cmp2g0d1o001tju04r2i53apo","cmp2g0czd0001ju04qqxqxd02","cmouxek320017k104nt25byuu",150,150,0,"Sesuai"
