"id","requestId","productId","qtyRequested","qtyApproved","requestUnit"
"cmogugfjf0003l404fjth5d8d","cmogugfjf0001l404689uorlx","cmnh57v3f001nii04jiigv6ie",900,900,"ml"
"cmogugfjf0004l404ptvgw2pt","cmogugfjf0001l404689uorlx","cmn6uxos50073l404ktl7vy5f",110,110,"ml"
"cmogugfjf0005l404wgyk4xqf","cmogugfjf0001l404689uorlx","cmn6uxoqc006nl404t2zlp86z",452,452,"ml"
"cmogugfjf0006l404u2ki5yyb","cmogugfjf0001l404689uorlx","cmn6uxope006el4042tfxjgry",100,100,"ml"
"cmogugfjf0007l404vmw9fcj3","cmogugfjf0001l404689uorlx","cmn6uxo68001kl40463yw45cf",1455,1455,"gr"
"cmogugfjf0008l4041c4vbgt3","cmogugfjf0001l404689uorlx","cmnh57v7z0021ii04v1ygmw8m",820,820,"ml"
"cmogugfjf0009l4049739bjio","cmogugfjf0001l404689uorlx","cmn6uxolu005hl404jxgk0691",60,60,"ml"
"cmogugfjf000al404eqrptsva","cmogugfjf0001l404689uorlx","cmn6uxojz004zl404ieofic0p",680,680,"ml"
"cmogugfjf000bl404h37di2we","cmogugfjf0001l404689uorlx","cmn6uxo5m001el404el39ylsi",85,85,"gr"
"cmogugfjf000cl4040rn4wkk1","cmogugfjf0001l404689uorlx","cmnh57xam009uii04kms3op12",900,900,"gr"
"cmogugfjf000dl404n41jip0z","cmogugfjf0001l404689uorlx","cmn6uxohw004el404yr648ktq",1320,1320,"gr"
"cmogujwol004bjs04o2k7fp5l","cmogujwol0049js04g3gmdun2","cmnh57v7z0021ii04v1ygmw8m",1000,1000,"ml"
"cmogujwol004cjs04shrp0i8i","cmogujwol0049js04g3gmdun2","cmn6uxos50073l404ktl7vy5f",500,500,"ml"
"cmogujwol004djs04slgtkoq3","cmogujwol0049js04g3gmdun2","cmnh57v3f001nii04jiigv6ie",500,500,"ml"
"cmogujwol004ejs04llu3xxv2","cmogujwol0049js04g3gmdun2","cmnh57v75001xii04sjvur9am",500,500,"ml"
"cmogujwol004fjs041qyzx1f7","cmogujwol0049js04g3gmdun2","cmnh57was006tii04hxq52eez",160,160,"gr"
"cmogujwol004gjs04go37txj4","cmogujwol0049js04g3gmdun2","cmnh57wf30074ii04no40fld7",1200,1200,"gr"
"cmogujwol004hjs04rzna6dyb","cmogujwol0049js04g3gmdun2","cmn6uxoho004cl404shdz6ehi",3,3000,"gr"
"cmogujwol004ijs04hwt5jkqe","cmogujwol0049js04g3gmdun2","cmn6uxohw004el404yr648ktq",1500,1500,"gr"
"cmogujwol004jjs04d8t5dhz2","cmogujwol0049js04g3gmdun2","cmn6uxoi0004fl404rc3xrewg",1000,1000,"gr"
"cmogujwol004kjs04xqns2he2","cmogujwol0049js04g3gmdun2","cmn6uxo510019l404db2jw3c6",1600,1600,"gr"
"cmogujwol004ljs04mj0sbal4","cmogujwol0049js04g3gmdun2","cmnh57xam009uii04kms3op12",800,800,"gr"
"cmoguyqy40003ky04u4sb863z","cmoguyqy40001ky04rtxoisi7","cmnh57v3f001nii04jiigv6ie",150,150,"ml"
"cmoguyqy40004ky043o22wj1u","cmoguyqy40001ky04rtxoisi7","cmn6uxoqc006nl404t2zlp86z",100,100,"ml"
"cmoguyqy40005ky04o5onmcxd","cmoguyqy40001ky04rtxoisi7","cmnh57vtq004iii047vhl4tfv",120,120,"ml"
"cmoguyqy40006ky04te3klgyf","cmoguyqy40001ky04rtxoisi7","cmnh57uwr000zii04jxdbomov",340,340,"ml"
"cmoguyqy40007ky04pagncsyu","cmoguyqy40001ky04rtxoisi7","cmnh57v7z0021ii04v1ygmw8m",600,600,"ml"
"cmoguyqy40008ky040f50g8t2","cmoguyqy40001ky04rtxoisi7","cmn6uxope006el4042tfxjgry",600,600,"ml"
"cmoguyqy40009ky040ntxkn13","cmoguyqy40001ky04rtxoisi7","cmn6uxocr003al404uua0n5sw",775,775,"ml"
"cmoguyqy4000aky044s6bjq30","cmoguyqy40001ky04rtxoisi7","cmn6uxos50073l404ktl7vy5f",300,300,"ml"
"cmoguyqy4000bky04hcpm9lew","cmoguyqy40001ky04rtxoisi7","cmn6uxohw004el404yr648ktq",500,500,"gr"
"cmoguyqy4000cky04yl4vpodb","cmoguyqy40001ky04rtxoisi7","cmnh57xam009uii04kms3op12",500,500,"gr"
"cmogm9czf0003ju0436a8tz19","cmogm9czf0001ju04m2grlin0","cmn6uxos20072l40488ybmoku",10,10,
"cmogm9czf0004ju044inlor4k","cmogm9czf0001ju04m2grlin0","cmn6uxoly005il404wdjxclm0",20,20,
"cmogmakxj0005lb043nbzjoce","cmogmakxj0003lb048uxagi26","cmnh57wl8007iii041ir74kwe",10,10,
"cmogmxht30003l20407oou2q5","cmogmxht30001l204708snp18","cmnh57uz80013ii04ndixblbn",10,25,"ml"
"cmogo9tvu0003jr04jbue56za","cmogo9tun0001jr046knpzedm","cmnh57uz80013ii04ndixblbn",10,,"ml"
"cmogofx4j0003jv046j1qa848","cmogofx4j0001jv04haa9v6qy","cmn6uxocr003al404uua0n5sw",4,4,
"cmogog2dg0009jr04r94m4lln","cmogog2dg0007jr04rh3qmipa","cmnh57uz80013ii04ndixblbn",10,,"ml"
"cmogoirrr0003jt04he9rz0fo","cmogoirrr0001jt04c2t7vnab","cmnh57uwr000zii04jxdbomov",3,3,
"cmogoja310009jt04ywks16je","cmogoja300007jt04x71mjal5","cmnh57uz80013ii04ndixblbn",10,,"ml"
"cmogujwol004mjs04965ew021","cmogujwol0049js04g3gmdun2","cmn6uxoqc006nl404t2zlp86z",600,600,"ml"
"cmoguyqy4000dky04q8kwnj63","cmoguyqy40001ky04rtxoisi7","cmn6uxo68001kl40463yw45cf",375,375,"gr"
"cmoguyqy4000eky047wxtq6ru","cmoguyqy40001ky04rtxoisi7","cmn6uxo5m001el404el39ylsi",55,55,"gr"
"cmoguyqy4000fky04cc1lwalo","cmoguyqy40001ky04rtxoisi7","cmnh57was006tii04hxq52eez",180,180,"gr"
"cmoguyqy4000gky04pl7q208z","cmoguyqy40001ky04rtxoisi7","cmnh57wbu006xii04pq0vou5c",1000,1000,"ml"
"cmogvmjp2000ejv04uai1d1zo","cmogvmjp2000cjv04q8vy6y3m","cmnh57v7z0021ii04v1ygmw8m",350,350,"ml"
"cmogvmjp2000fjv04lm81tqub","cmogvmjp2000cjv04q8vy6y3m","cmnh57v3f001nii04jiigv6ie",450,450,"ml"
"cmogvmjp2000gjv04ekh8137u","cmogvmjp2000cjv04q8vy6y3m","cmn6uxos50073l404ktl7vy5f",800,800,"ml"
"cmogvmjp2000hjv043t9xe91h","cmogvmjp2000cjv04q8vy6y3m","cmn6uxoie004jl404oem0uygb",400,400,"gr"
"cmogvmjp2000ijv04vuwkapyj","cmogvmjp2000cjv04q8vy6y3m","cmn6uxohw004el404yr648ktq",500,500,"gr"
"cmogvmjp2000jjv043igqbkro","cmogvmjp2000cjv04q8vy6y3m","cmn6uxoi0004fl404rc3xrewg",1000,1000,"gr"
"cmogvmjp2000kjv04muf6r5t2","cmogvmjp2000cjv04q8vy6y3m","cmnh57was006tii04hxq52eez",80,80,"gr"
"cmogvmjp2000ljv04y3hfi99b","cmogvmjp2000cjv04q8vy6y3m","cmnh57vat002iii04tmhled2o",200,200,"gr"
"cmogvmjp2000mjv046sacxllj","cmogvmjp2000cjv04q8vy6y3m","cmn6uxoqc006nl404t2zlp86z",300,300,"ml"
"cmogvmjp2000njv040w2lzbxp","cmogvmjp2000cjv04q8vy6y3m","cmn6uxoza0091l404q2kic93u",100,100,"ml"
"cmogvmjp2000ojv04g8zves2m","cmogvmjp2000cjv04q8vy6y3m","cmn6uxocr003al404uua0n5sw",200,200,"ml"
"cmogvmjp2000pjv04ryt9hntk","cmogvmjp2000cjv04q8vy6y3m","cmn6uxope006el4042tfxjgry",150,150,"ml"
"cmogvmjp2000qjv04xt7dj3bp","cmogvmjp2000cjv04q8vy6y3m","cmn6uxozw0097l404aspvjqm1",100,100,"ml"
"cmogvp2my001vjv04ozm44ppd","cmogvp2my001tjv04mvyxt8up","cmnh57v3f001nii04jiigv6ie",500,500,"ml"
"cmogvp2my001wjv04o98agik5","cmogvp2my001tjv04mvyxt8up","cmn6uxos50073l404ktl7vy5f",660,660,"ml"
"cmogvp2my001xjv04z4d15elw","cmogvp2my001tjv04mvyxt8up","cmnh57v7z0021ii04v1ygmw8m",740,740,"ml"
"cmogvp2my001yjv045q9injdk","cmogvp2my001tjv04mvyxt8up","cmnh57vm1003rii046cdob0lo",300,300,"ml"
"cmogvp2my001zjv041t30ztgb","cmogvp2my001tjv04mvyxt8up","cmnh57uwr000zii04jxdbomov",500,500,"ml"
"cmogvp2my0020jv04692j8euq","cmogvp2my001tjv04mvyxt8up","cmnh57xam009uii04kms3op12",260,260,"gr"
"cmogvp2my0021jv04i5anv2ei","cmogvp2my001tjv04mvyxt8up","cmn6uxope006el4042tfxjgry",281,281,"ml"
"cmogvp2my0022jv04wrgbmf7r","cmogvp2my001tjv04mvyxt8up","cmn6uxolu005hl404jxgk0691",710,710,"ml"
"cmogvp2my0023jv042ppwgq8o","cmogvp2my001tjv04mvyxt8up","cmn6uxol9005bl404wqby9sr2",500,500,"ml"
"cmogvp2my0024jv046sq6y1nz","cmogvp2my001tjv04mvyxt8up","cmn6uxojz004zl404ieofic0p",430,430,"ml"
"cmogvp2my0025jv04xpwmpt4e","cmogvp2my001tjv04mvyxt8up","cmn6uxo5a001bl404gi3lz7xe",510,510,"ml"
"cmogvp2my0026jv04jt2g386r","cmogvp2my001tjv04mvyxt8up","cmn6uxojw004yl404s5fx1z5y",1000,1000,"ml"
"cmogvp2my0027jv04in2ix0u9","cmogvp2my001tjv04mvyxt8up","cmn6uxo5m001el404el39ylsi",195,195,"gr"
"cmogvp2my0028jv041tbvkmds","cmogvp2my001tjv04mvyxt8up","cmn6uxo5x001hl404xbu77iza",250,250,"gr"
"cmogvminz001pjv04bl5yqo4q","cmogvminy001njv04p93spo00","cmnh57vax002jii0417lyweva",340,340,"gr"
"cmogvjz3y0003jv04dc79if04","cmogvjz3y0001jv04z5ke1ur6","cmnh57v3f001nii04jiigv6ie",440,440,"ml"
"cmogvjz3y0004jv042x8bbjvd","cmogvjz3y0001jv04z5ke1ur6","cmn6uxos50073l404ktl7vy5f",1000,1000,"ml"
"cmogvjz3y0005jv04n6rlcyoe","cmogvjz3y0001jv04z5ke1ur6","cmn6uxozw0097l404aspvjqm1",170,170,"ml"
"cmogvjz3y0006jv04kqrh77aq","cmogvjz3y0001jv04z5ke1ur6","cmnh57v7z0021ii04v1ygmw8m",970,970,"ml"
"cmogvjz3y0007jv04q89xiz8h","cmogvjz3y0001jv04z5ke1ur6","cmnh57vtq004iii047vhl4tfv",270,270,"ml"
"cmogvjz3y0008jv04dteydh2q","cmogvjz3y0001jv04z5ke1ur6","cmnh57xam009uii04kms3op12",600,600,"gr"
"cmogvi4pg000uky045elbretq","cmogvi4pg000sky042t2j3zfd","cmnh57v7z0021ii04v1ygmw8m",1000,1000,"ml"
"cmogvi4pg000vky04ffgjyb8z","cmogvi4pg000sky042t2j3zfd","cmn6uxos50073l404ktl7vy5f",680,680,"ml"
"cmogvi4pg000wky04k032aaak","cmogvi4pg000sky042t2j3zfd","cmn6uxol9005bl404wqby9sr2",260,260,"ml"
"cmogvi4pg000xky04a9dmtfgn","cmogvi4pg000sky042t2j3zfd","cmnh57xam009uii04kms3op12",600,600,"gr"
"cmogvi4pg000yky04zr90945x","cmogvi4pg000sky042t2j3zfd","cmn6uxolu005hl404jxgk0691",470,470,"ml"
"cmogvi4pg000zky04kk502dt1","cmogvi4pg000sky042t2j3zfd","cmn6uxohw004el404yr648ktq",275,275,"gr"
"cmogvfpw3000mky04uxo4moep","cmogvfpw3000kky04qf4astd9","cmnh57vfx0030ii04pq8nnbid",910,910,"ml"
"cmogvfpw3000nky04fo37rfh7","cmogvfpw3000kky04qf4astd9","cmnh57xam009uii04kms3op12",480,480,"gr"
"cmogvfpw3000oky04csz813it","cmogvfpw3000kky04qf4astd9","cmn6uxos50073l404ktl7vy5f",880,880,"ml"
"cmogvkdlr0003jt04xl58p1mi","cmogvkdlr0001jt04m0id1q70","cmn6uxozw0097l404aspvjqm1",100,100,"ml"
"cmogvkdlr0004jt04n8o87ugw","cmogvkdlr0001jt04m0id1q70","cmn6uxoza0091l404q2kic93u",100,100,"ml"
"cmogvkdlr0006jt0431l8bzlg","cmogvkdlr0001jt04m0id1q70","cmn6uxope006el4042tfxjgry",500,500,"ml"
"cmogvkdlr0007jt04se7p5u84","cmogvkdlr0001jt04m0id1q70","cmn6uxocr003al404uua0n5sw",500,500,"ml"
"cmogvkdlr0008jt04yegelxat","cmogvkdlr0001jt04m0id1q70","cmnh57wbu006xii04pq0vou5c",200,200,"ml"
"cmogvkdlr0009jt04hsgtdkin","cmogvkdlr0001jt04m0id1q70","cmnh57v3f001nii04jiigv6ie",400,400,"ml"
"cmogvkdlr000ajt04u796xu84","cmogvkdlr0001jt04m0id1q70","cmnh57v7z0021ii04v1ygmw8m",90,90,"ml"
"cmogvkdlr000bjt04z7n6kn6x","cmogvkdlr0001jt04m0id1q70","cmn6uxok70051l40406ivopv3",150,150,"ml"
"cmogvkdlr000cjt04vjmeo786","cmogvkdlr0001jt04m0id1q70","cmn6uxos50073l404ktl7vy5f",900,900,"ml"
"cmogvkdlr000djt04eayydei1","cmogvkdlr0001jt04m0id1q70","cmn6uxoqc006nl404t2zlp86z",90,90,"ml"
"cmogvkdlr000ejt04pfi351oq","cmogvkdlr0001jt04m0id1q70","cmnh57xam009uii04kms3op12",200,200,"gr"
"cmogvp2my0029jv04hlc9k8ll","cmogvp2my001tjv04mvyxt8up","cmn6uxojs004xl404eoinwe8z",1170,1170,"ml"
"cmogvp2my002ajv04e04sa9b0","cmogvp2my001tjv04mvyxt8up","cmn6uxo5q001fl4045v3xbcyq",960,960,"ml"
"cmogvp2my002bjv04moc0w50f","cmogvp2my001tjv04mvyxt8up","cmnh57x58009aii04atdq2zfe",600,600,"gr"
"cmogvp2my002cjv04dookcutr","cmogvp2my001tjv04mvyxt8up","cmn6uxocr003al404uua0n5sw",540,540,"ml"
"cmogvp2my002djv04lgnx0kq5","cmogvp2my001tjv04mvyxt8up","cmnh57vij003cii043w9h7urb",25,25,"ml"
"cmogvp2my002ejv04fhtvs6yu","cmogvp2my001tjv04mvyxt8up","cmnh57x390096ii04wvu9eff7",190,190,"ml"
"cmogvp2my002fjv040bks4lk5","cmogvp2my001tjv04mvyxt8up","cmn6uxohw004el404yr648ktq",550,550,"gr"
"cmogvp2my002gjv04d05he2j1","cmogvp2my001tjv04mvyxt8up","cmn6uxoqc006nl404t2zlp86z",181.99,182,"ml"
"cmogvkdlr0005jt04ijrugnn7","cmogvkdlr0001jt04m0id1q70","cmnh57wm9007mii04yuo77pw6",100,100,"gr"
"cmogvpfcp000wjv04lwpf1cjz","cmogvpfco000ujv04a74x11p9","cmnh57v3f001nii04jiigv6ie",540,540,"ml"
"cmogvpfcp000xjv047pxiwfnc","cmogvpfco000ujv04a74x11p9","cmn6uxos50073l404ktl7vy5f",1160,1160,"ml"
"cmogvpfcp000yjv045ha6qbcx","cmogvpfco000ujv04a74x11p9","cmn6uxoqc006nl404t2zlp86z",426,426,"ml"
"cmogvpfcp000zjv04ni6i60se","cmogvpfco000ujv04a74x11p9","cmn6uxope006el4042tfxjgry",484,484,"ml"
"cmogvpfcp0010jv044mym3i39","cmogvpfco000ujv04a74x11p9","cmn6uxozw0097l404aspvjqm1",300,300,"ml"
"cmogvpfcp0011jv04wp9ilf2v","cmogvpfco000ujv04a74x11p9","cmnh57vax002jii0417lyweva",400,400,"gr"
"cmogvpfcp0012jv04f6j0hapo","cmogvpfco000ujv04a74x11p9","cmnh57v7z0021ii04v1ygmw8m",670,670,"ml"
"cmogvpfcp0013jv04gpply2pz","cmogvpfco000ujv04a74x11p9","cmn6uxo6c001ll404cud1fces",1500,1500,"ml"
"cmogvpfcp0014jv04xcb89o2b","cmogvpfco000ujv04a74x11p9","cmnh57vtq004iii047vhl4tfv",2800,2800,"ml"
"cmogvpfcp0015jv04futc4zkc","cmogvpfco000ujv04a74x11p9","cmn6uxolu005hl404jxgk0691",500,500,"ml"
"cmogvpfcp0016jv04dyf8w17g","cmogvpfco000ujv04a74x11p9","cmn6uxojz004zl404ieofic0p",930,930,"ml"
"cmogvpfcp0017jv04re0rhahk","cmogvpfco000ujv04a74x11p9","cmn6uxo5a001bl404gi3lz7xe",200,200,"ml"
"cmogvpfcp0018jv04urqs5qye","cmogvpfco000ujv04a74x11p9","cmn6uxo5m001el404el39ylsi",180,180,"gr"
"cmogvpfcp0019jv04oqx8pkz2","cmogvpfco000ujv04a74x11p9","cmn6uxojs004xl404eoinwe8z",750,750,"ml"
"cmogvpfcp001ajv043pq8gp2t","cmogvpfco000ujv04a74x11p9","cmn6uxocr003al404uua0n5sw",1000,1000,"ml"
"cmogvpfcp001bjv04bzqg0uoe","cmogvpfco000ujv04a74x11p9","cmn6uxoho004cl404shdz6ehi",1000,1000,"gr"
"cmogvpfcp001cjv04yhatkmew","cmogvpfco000ujv04a74x11p9","cmnh57xam009uii04kms3op12",695,695,"gr"
"cmogvpfcp001djv04r01ufmwi","cmogvpfco000ujv04a74x11p9","cmn6uxohw004el404yr648ktq",500,500,"gr"
"cmogvpfcp001ejv04zle83c99","cmogvpfco000ujv04a74x11p9","cmn6uxoi0004fl404rc3xrewg",400,400,"gr"
"cmogvpfcp001fjv04wbbopcbg","cmogvpfco000ujv04a74x11p9","cmn6uxoim004ll404old4kyvf",1500,1500,"ml"
"cmogvpfcp001gjv0464vdv2k1","cmogvpfco000ujv04a74x11p9","cmnh57uwr000zii04jxdbomov",1000,1000,"ml"
"cmogvpfcp001hjv04psvdpta3","cmogvpfco000ujv04a74x11p9","cmn6uxoza0091l404q2kic93u",250,250,"ml"
"cmogvpfcp001ijv04mdvur5aq","cmogvpfco000ujv04a74x11p9","cmnh57wf30074ii04no40fld7",400,400,"gr"
"cmogvtd5k003yjt043fbiepnf","cmogvtd5j003wjt04a1beobbk","cmnh57v3f001nii04jiigv6ie",470,470,"ml"
"cmogvtd5k003zjt040w6bkkfn","cmogvtd5j003wjt04a1beobbk","cmn6uxoqc006nl404t2zlp86z",468,468,"ml"
"cmogvtd5k0040jt04217j5c94","cmogvtd5j003wjt04a1beobbk","cmn6uxozw0097l404aspvjqm1",100,100,"ml"
"cmogvtd5k0041jt042gveqdte","cmogvtd5j003wjt04a1beobbk","cmn6uxokq0056l404iytjmhz1",700,700,"ml"
"cmogvtd5k0042jt04nbpyfrwa","cmogvtd5j003wjt04a1beobbk","cmn6uxo6c001ll404cud1fces",1280,1280,"ml"
"cmogvtd5k0043jt04rara6l7e","cmogvtd5j003wjt04a1beobbk","cmn6uxolg005dl4046qhb58fy",400,400,"ml"
"cmogvtd5k0044jt049hswhs1v","cmogvtd5j003wjt04a1beobbk","cmnh57vtq004iii047vhl4tfv",850,850,"ml"
"cmogvtd5k0045jt04u6w77ixq","cmogvtd5j003wjt04a1beobbk","cmn6uxolu005hl404jxgk0691",440,440,"ml"
"cmogvtd5k0046jt042c2kqbn8","cmogvtd5j003wjt04a1beobbk","cmn6uxol9005bl404wqby9sr2",170,170,"ml"
"cmogvtd5k0047jt04g536ohm0","cmogvtd5j003wjt04a1beobbk","cmnh57vm1003rii046cdob0lo",150,150,"ml"
"cmogvtd5k0048jt04ck46dv7n","cmogvtd5j003wjt04a1beobbk","cmnh57vfx0030ii04pq8nnbid",500,500,"ml"
"cmogvtd5k0049jt04qw5eoszb","cmogvtd5j003wjt04a1beobbk","cmnh57wbu006xii04pq0vou5c",800,800,"ml"
"cmogvtd5k004ajt04w54b39ku","cmogvtd5j003wjt04a1beobbk","cmn6uxo5a001bl404gi3lz7xe",150,150,"ml"
"cmogvtd5k004bjt04gu7zwcpy","cmogvtd5j003wjt04a1beobbk","cmn6uxo5m001el404el39ylsi",250,250,"gr"
"cmogvtd5k004cjt04kxr4wd6l","cmogvtd5j003wjt04a1beobbk","cmn6uxo5q001fl4045v3xbcyq",80,80,"ml"
"cmogvtd5k004djt04dgf39q0y","cmogvtd5j003wjt04a1beobbk","cmn6uxoim004ll404old4kyvf",100,100,"ml"
"cmogvtd5k004ejt04wchkzmb5","cmogvtd5j003wjt04a1beobbk","cmn6uxo5h001dl404hwz19n03",1000,1000,"ml"
"cmogvtd5k004fjt04hvnogjyy","cmogvtd5j003wjt04a1beobbk","cmnh57xam009uii04kms3op12",510,510,"gr"
"cmogvtd5k004gjt04yjb44zsf","cmogvtd5j003wjt04a1beobbk","cmn6uxohw004el404yr648ktq",580,580,"gr"
"cmogvtd5k004hjt0430rz5t6c","cmogvtd5j003wjt04a1beobbk","cmnh57was006tii04hxq52eez",80,80,"gr"
"cmogvtd5k004ijt041iuhglwc","cmogvtd5j003wjt04a1beobbk","cmn6uxocr003al404uua0n5sw",625,625,"ml"
"cmogvtd5k004jjt04dy00fq4j","cmogvtd5j003wjt04a1beobbk","cmn6uxo5x001hl404xbu77iza",250,250,"gr"
"cmogvtd5k004kjt042x54s01g","cmogvtd5j003wjt04a1beobbk","cmnh57wln007lii04i9v5xst4",500,500,"ml"
"cmogw1wxl006pjv04ws037g9e","cmogw1wxl006kjv04nsexlzz3","cmn6uxope006el4042tfxjgry",500,,"ml"
"cmogw1wxl006njv04vwh9s0j0","cmogw1wxl006kjv04nsexlzz3","cmn6uxos50073l404ktl7vy5f",1950,1950,"ml"
"cmogw1wxl006ojv040ezcg24s","cmogw1wxl006kjv04nsexlzz3","cmn6uxoqc006nl404t2zlp86z",745,745,"ml"
"cmogw1wxl006qjv049wpyedtv","cmogw1wxl006kjv04nsexlzz3","cmn6uxozw0097l404aspvjqm1",300,300,"ml"
"cmogw48ue0025jv04na61xi0d","cmogw48ue0020jv04ns1eo5gg","cmnh57wln007lii04i9v5xst4",130,,"ml"
"cmogw1wxl006mjv04eyg9tr41","cmogw1wxl006kjv04nsexlzz3","cmnh57v3f001nii04jiigv6ie",680,680,"ml"
"cmogw1wxl006rjv04fritrbt2","cmogw1wxl006kjv04nsexlzz3","cmnh57vax002jii0417lyweva",460,460,"gr"
"cmogw1wxl006sjv04pvaq6yje","cmogw1wxl006kjv04nsexlzz3","cmnh57v7z0021ii04v1ygmw8m",2210,2210,"ml"
"cmogw1wxl006tjv04r7nprq7o","cmogw1wxl006kjv04nsexlzz3","cmnh57v75001xii04sjvur9am",1000,1000,"ml"
"cmogw1wxl006ujv04s9trpsbz","cmogw1wxl006kjv04nsexlzz3","cmnh57vtq004iii047vhl4tfv",800,800,"ml"
"cmogw1wxl006vjv04ymzs0vh0","cmogw1wxl006kjv04nsexlzz3","cmnh57vfx0030ii04pq8nnbid",2000,2000,"ml"
"cmogw1wxl006wjv045jveqkyu","cmogw1wxl006kjv04nsexlzz3","cmn6uxojz004zl404ieofic0p",100,100,"ml"
"cmogw1wxl006xjv04wra5zvum","cmogw1wxl006kjv04nsexlzz3","cmn6uxo5a001bl404gi3lz7xe",400,400,"ml"
"cmogw1wxl006yjv04yxzo3omr","cmogw1wxl006kjv04nsexlzz3","cmn6uxo5m001el404el39ylsi",315,315,"gr"
"cmogw1wxl006zjv04fzf696vw","cmogw1wxl006kjv04nsexlzz3","cmn6uxo5h001dl404hwz19n03",4300,4300,"ml"
"cmogw1wxl0070jv04v8mhi455","cmogw1wxl006kjv04nsexlzz3","cmn6uxojs004xl404eoinwe8z",240,240,"ml"
"cmogw1wxl0071jv04q9drzs03","cmogw1wxl006kjv04nsexlzz3","cmn6uxok70051l40406ivopv3",800,800,"ml"
"cmogw1wxl0072jv04fr215e90","cmogw1wxl006kjv04nsexlzz3","cmn6uxoho004cl404shdz6ehi",1040,1040,"gr"
"cmogw1wxl0073jv04hi6hy0ua","cmogw1wxl006kjv04nsexlzz3","cmnh57x390096ii04wvu9eff7",180,180,"ml"
"cmogw1wxl0074jv04mi0qaoho","cmogw1wxl006kjv04nsexlzz3","cmnh57xam009uii04kms3op12",500,500,"gr"
"cmogw1wxl0075jv04m1t6z5lq","cmogw1wxl006kjv04nsexlzz3","cmn6uxohw004el404yr648ktq",1230,1230,"gr"
"cmogw1wxl0076jv04952un6x2","cmogw1wxl006kjv04nsexlzz3","cmn6uxoi0004fl404rc3xrewg",500,500,"gr"
"cmogw1wxl0077jv04s5x6h3i6","cmogw1wxl006kjv04nsexlzz3","cmn6uxoim004ll404old4kyvf",1030,1030,"ml"
"cmogw1wxl0078jv04b9qbllec","cmogw1wxl006kjv04nsexlzz3","cmnh57uwr000zii04jxdbomov",1000,1000,"ml"
"cmogw1wxl0079jv0408k7ht9a","cmogw1wxl006kjv04nsexlzz3","cmn6uxoza0091l404q2kic93u",250,250,"ml"
"cmogw1wxl007ajv04oxtt97k3","cmogw1wxl006kjv04nsexlzz3","cmnh57wf30074ii04no40fld7",400,400,"gr"
"cmogw48ue0022jv04l0ow2m4w","cmogw48ue0020jv04ns1eo5gg","cmnh57uwr000zii04jxdbomov",476,476,"ml"
"cmogw48ue0023jv04q33xur1j","cmogw48ue0020jv04ns1eo5gg","cmnh57v3f001nii04jiigv6ie",490,490,"ml"
"cmogw48ue0024jv042g5dmof5","cmogw48ue0020jv04ns1eo5gg","cmn6uxohw004el404yr648ktq",110,110,"gr"
"cmogw48ue0026jv0486mqgzrl","cmogw48ue0020jv04ns1eo5gg","cmn6uxoza0091l404q2kic93u",70,70,"ml"
"cmogwax07007kjv04oknska0r","cmogwax07007ijv04131ee8bw","cmn6uxoim004ll404old4kyvf",130,130,"ml"
"cmogwc3n60003i904vtd8tx4m","cmogwc3n60001i904dz36s0e0","cmn6uxope006el4042tfxjgry",500,500,"ml"
"cmogwg76k0003ju048hu413g1","cmogwg76k0001ju04wgh7pfoo","cmnh57vfx0030ii04pq8nnbid",500,500,"ml"
"cmogwg76k0004ju04kmqvvxqa","cmogwg76k0001ju04wgh7pfoo","cmnh57xam009uii04kms3op12",600,600,"gr"
"cmogwg76k0005ju04fdjz3hwe","cmogwg76k0001ju04wgh7pfoo","cmnh57wln007lii04i9v5xst4",500,500,"ml"
"cmogwg76k0006ju04gtb4i1vm","cmogwg76k0001ju04wgh7pfoo","cmnh57vtq004iii047vhl4tfv",1000,1000,"ml"
"cmogwg76k0007ju04i8savtij","cmogwg76k0001ju04wgh7pfoo","cmn6uxoim004ll404old4kyvf",250,250,"ml"
"cmogwum6v0006kz04k1lab8ry","cmogwum6v0004kz04agfi72yr","cmnh57v7z0021ii04v1ygmw8m",120,120,
"cmogwum6v0007kz043dzr4cza","cmogwum6v0004kz04agfi72yr","cmnh57vgw0034ii04uazbq9n4",60,60,
"cmogwxs36000ikz04z3oux1nx","cmogwxs36000gkz04gzby32bd","cmn6uxos50073l404ktl7vy5f",30,30,
"cmogwxs36000jkz04u5kvi8rx","cmogwxs36000gkz04gzby32bd","cmnh57v0d0019ii04cvr1kk1l",30,30,
"cmogwy2hp0008l404uwjp7x2q","cmogwy2ho0006l4049t6pu5es","cmnh57v0d0019ii04cvr1kk1l",30,30,
"cmogwy2hp0009l404k9e099ta","cmogwy2ho0006l4049t6pu5es","cmn6uxos50073l404ktl7vy5f",30,30,
"cmogwyiuc0004kt0449zkx0xr","cmogwyiuc0002kt046cgde5d2","cmn6uxoi0004fl404rc3xrewg",120,120,
"cmogwyiuc0005kt04xl5z5wn8","cmogwyiuc0002kt046cgde5d2","cmnh57wq2007xii04bomyhsj5",80,80,
"cmogwys8y000vkz04k20od6sh","cmogwys8y000tkz04o8n93nir","cmnh57uz80013ii04ndixblbn",10,10,
"cmogwys9y0015kz04e3wynt99","cmogwys9y0013kz04c169rfjx","cmn6uxos50073l404ktl7vy5f",50,50,
"cmogwys9y0016kz04s91t68ed","cmogwys9y0013kz04c169rfjx","cmogkdo4q0000lb04qmncq2sp",50,50,
"cmogwyus7000ikt04jkr6zns3","cmogwyus7000gkt042rmkcvbv","cmnh57v3f001nii04jiigv6ie",30,30,
"cmogwyuxu000rkt04cu7rndec","cmogwyuxu000pkt045jymi2lq","cmnh57xam009uii04kms3op12",30,30,
"cmogwyuxu000skt04rr5ng940","cmogwyuxu000pkt045jymi2lq","cmnh57wvq008iii04maewshwe",30,30,
"cmogx06zi0003jo04fqt4ezk1","cmogx06zi0001jo0452v0dry3","cmnh57vtq004iii047vhl4tfv",120,120,
"cmogx06zi0004jo04fnd2a1y3","cmogx06zi0001jo0452v0dry3","cmnh57v0d0019ii04cvr1kk1l",60,60,
"cmogx1ydj000hjo04puj2sfxu","cmogx1ydj000fjo04ced8i7t0","cmn6uxos50073l404ktl7vy5f",30,30,
"cmogx1ydj000ijo04dzl4if5u","cmogx1ydj000fjo04ced8i7t0","cmnh57wvq008iii04maewshwe",100,100,
"cmogx4izl0015kt04pctl0vvg","cmogx4izl0013kt04d7o7a886","cmnh57v3f001nii04jiigv6ie",30,30,
"cmogx4izl0016kt041i94hegz","cmogx4izl0013kt04d7o7a886","cmn6uxohw004el404yr648ktq",30,30,
"cmogx5yqd0004ji04emnq9iwx","cmogx5yqd0002ji04pwa25xu6","cmn6uxoqc006nl404t2zlp86z",16,16,
"cmogx5yqd0005ji04xm31rn65","cmogx5yqd0002ji04pwa25xu6","cmn6uxotl007hl404476rnwqy",25,25,
"cmogx6d7x000vjo04ybjq5ent","cmogx6d7x000tjo04bwef5yny","cmnh57wf70075ii04e8kel3qk",40,40,
"cmogx70cv001ikt04helnrev6","cmogx70cv001gkt04exzramuu","cmn6uxos50073l404ktl7vy5f",30,30,
"cmogx70cv001jkt04p8qxq53b","cmogx70cv001gkt04exzramuu","cmnh57uzn0016ii041tr4ag59",30,30,
"cmogx9kya001lkz04d1rgudx1","cmogx9ky9001jkz04yty664ua","cmnh57vfx0030ii04pq8nnbid",239.96,239.96,
"cmogy3fl20003l104npuagudq","cmogy3fl10001l104pv0pp60h","cmn6uxok70051l40406ivopv3",750,750,"ml"
"cmogy3fl20004l104lvxhdftl","cmogy3fl10001l104pv0pp60h","cmn6uxo5a001bl404gi3lz7xe",250,250,"ml"
"cmohxeuqw0004l1047magjyck","cmohxeuqw0002l104bidi4b4n","cmn6uxoqc006nl404t2zlp86z",48,48,
"cmohxeuqw0005l104csctjb2t","cmohxeuqw0002l104bidi4b4n","cmnh57v7z0021ii04v1ygmw8m",90,90,
"cmohxeuqw0006l104yxrlrtaa","cmohxeuqw0002l104bidi4b4n","cmn6uxos50073l404ktl7vy5f",90,90,
"cmohxeuqw0007l104b531vx96","cmohxeuqw0002l104bidi4b4n","cmnh57xam009uii04kms3op12",90,90,
"cmohxeuqw0008l1040ai5xy32","cmohxeuqw0002l104bidi4b4n","cmn6uxo1o000fl404mk2b44dt",100,100,
"cmohxeuqw0009l104mi3mfmbt","cmohxeuqw0002l104bidi4b4n","cmnh57xf900aqii04j89r81bj",40,40,
"cmohxeuqw000al104ruw22j2r","cmohxeuqw0002l104bidi4b4n","cmn6uxp5q00arl404fjs7d42a",16,16,
"cmohzaetq0004lj05z1fs4l7w","cmohzaetq0002lj05487fx4h6","cmn6uxohw004el404yr648ktq",30,30,
"cmohzaetq0005lj05xx5awms1","cmohzaetq0002lj05487fx4h6","cmnh57v7z0021ii04v1ygmw8m",90,90,
"cmohzg05g000klj05ej6m9uwq","cmohzg05g000ilj05a0j7h1hz","cmn6uxohw004el404yr648ktq",30,30,
"cmohzg05g000llj05u2f7l6ob","cmohzg05g000ilj05a0j7h1hz","cmnh57v7z0021ii04v1ygmw8m",90,90,
"cmohzjau0000zlj0592qqoxmh","cmohzjau0000xlj05v9u47k41","cmn6uxohw004el404yr648ktq",30,30,
"cmohzjau00010lj05qwfvj091","cmohzjau0000xlj05v9u47k41","cmnh57v7z0021ii04v1ygmw8m",90,90,
"cmohzqxxn0004l404345f1ncx","cmohzqxxn0002l4046tban602","cmn6uxohw004el404yr648ktq",30,30,
"cmohzqxxn0005l404dtb5sl67","cmohzqxxn0002l4046tban602","cmnh57v7z0021ii04v1ygmw8m",90,90,
"cmohzwp190008ju04k08hxmuk","cmohzwp190006ju04ifh11h2w","cmn6uxohw004el404yr648ktq",30,30,
"cmohzwp190009ju04w1hflc8r","cmohzwp190006ju04ifh11h2w","cmnh57v7z0021ii04v1ygmw8m",90,90,
"cmoi005gz000kl404dykgz6t5","cmoi005gz000il404ywtt1z1b","cmn6uxohw004el404yr648ktq",30,30,
"cmoi005gz000ll4043pvjh2ig","cmoi005gz000il404ywtt1z1b","cmnh57v7z0021ii04v1ygmw8m",90,90,
"cmoi030g9000qju04ns5ffzs2","cmoi030g9000oju041it6nt74","cmn6uxohw004el404yr648ktq",30,30,
"cmoi030g9000rju04tbkmnjnz","cmoi030g9000oju041it6nt74","cmnh57v7z0021ii04v1ygmw8m",90,90,
"cmoi18a5b0003l5045092hube","cmoi18a5b0001l5046x0g15tf","cmn6uxos50073l404ktl7vy5f",60,60,
"cmoi18a5b0004l504a55h4qvk","cmoi18a5b0001l5046x0g15tf","cmnh57vfx0030ii04pq8nnbid",60,60,
"cmoi18a5b0005l504lngfqwp0","cmoi18a5b0001l5046x0g15tf","cmnh57xam009uii04kms3op12",60,60,
"cmoi1kiid0004ju04m5w7crq8","cmoi1kiid0002ju04lzpi7jjv","cmnh57v7z0021ii04v1ygmw8m",60,60,
"cmoi1kiid0005ju046w35i825","cmoi1kiid0002ju04lzpi7jjv","cmn6uxos50073l404ktl7vy5f",60,60,
"cmoi1kiid0006ju04az5r6d0r","cmoi1kiid0002ju04lzpi7jjv","cmnh57xam009uii04kms3op12",60,60,
"cmoi1kiid0007ju04e6b2qjde","cmoi1kiid0002ju04lzpi7jjv","cmn6uxoqc006nl404t2zlp86z",18,18,
"cmoi1uz0c0005l104vp63qxv7","cmoi1uz0b0003l104311uz54b","cmn6uxos50073l404ktl7vy5f",30,30,
"cmoi1uz0c0006l104kh86snyf","cmoi1uz0b0003l104311uz54b","cmnh57vfx0030ii04pq8nnbid",30,30,
"cmoi1uz0c0007l1049t3q1u5b","cmoi1uz0b0003l104311uz54b","cmnh57xam009uii04kms3op12",30,30,
"cmoi27q2v000pil04s88ytbv4","cmoi27q2v000nil042cq5iifk","cmnh57v7z0021ii04v1ygmw8m",60,60,
"cmoi27q2v000qil04mzsanvxt","cmoi27q2v000nil042cq5iifk","cmn6uxos50073l404ktl7vy5f",60,60,
"cmoi27q2v000ril045qadgrsu","cmoi27q2v000nil042cq5iifk","cmnh57xam009uii04kms3op12",60,60,
"cmoi27q2v000sil04d6l78acr","cmoi27q2v000nil042cq5iifk","cmn6uxoqc006nl404t2zlp86z",32,32,
"cmoi3hgas0004jr04lkol0iyc","cmoi3hgas0002jr04rpqji2pv","cmnh57xam009uii04kms3op12",40,40,
"cmoi3hgas0005jr04d9lji5z2","cmoi3hgas0002jr04rpqji2pv","cmnh57v7z0021ii04v1ygmw8m",120,120,
"cmoi3hgas0006jr04o3vo31y0","cmoi3hgas0002jr04rpqji2pv","cmn6uxos50073l404ktl7vy5f",120,120,
"cmoi3hgas0007jr04p9vrp1ic","cmoi3hgas0002jr04rpqji2pv","cmn6uxoqc006nl404t2zlp86z",48,48,
"cmoi41aje0004jl04or4m66vb","cmoi41aje0002jl04fsd2a0g1","cmnh57v7z0021ii04v1ygmw8m",30,30,
"cmoi41aje0005jl04ffw6pyov","cmoi41aje0002jl04fsd2a0g1","cmn6uxos50073l404ktl7vy5f",30,30,
"cmoi41aje0006jl041u6yx2ui","cmoi41aje0002jl04fsd2a0g1","cmnh57xam009uii04kms3op12",30,30,
"cmoi4x437000ujr049s7gi5df","cmoi4x437000sjr04bhl45g3r","cmnh57v7z0021ii04v1ygmw8m",30,30,
"cmoi4x437000vjr049m1y5qep","cmoi4x437000sjr04bhl45g3r","cmn6uxolu005hl404jxgk0691",30,30,
"cmoi514pd0019jr04j90dl2bp","cmoi514pd0017jr04r19g841i","cmnh57v7z0021ii04v1ygmw8m",120,120,
"cmoia6udh0003l504k4ye4apt","cmoia6udg0001l504zjvueq79","cmnh57vs4004eii040hxc490q",2,2,
"cmoia6udh0004l5041nyaagpa","cmoia6udg0001l504zjvueq79","cmnh57v5l001tii04p3vkkf9m",2,2,
"cmoia7y7a0003l604r56poseb","cmoia7y790001l604y0qnnorr","cmn6uxoyi008tl404qhxdtcna",2,2,
"cmoibbl8a0003js04jtipg46j","cmoibbl8a0001js04hwn6gk1a","cmnh57vs4004eii040hxc490q",4,4,
"cmoibbl8a0004js04sel24t6i","cmoibbl8a0001js04hwn6gk1a","cmnh57v5l001tii04p3vkkf9m",4,4,
"cmoibbl8b0005js044olq4f3w","cmoibbl8a0001js04hwn6gk1a","cmnh57uwr000zii04jxdbomov",1,1,
"cmoif50b30003la043g5375fe","cmoif50b30001la04aq5781py","cmnh57vm1003rii046cdob0lo",100,100,
"cmoif50b30004la04p6ppf9cs","cmoif50b30001la04aq5781py","cmn6uxoqc006nl404t2zlp86z",32,32,
"cmojavscs0003i3040m2m36h4","cmojavscs0001i3041mv566ov","cmnh57v7z0021ii04v1ygmw8m",60,60,
"cmojavscs0004i304rv5vhvvy","cmojavscs0001i3041mv566ov","cmn6uxos50073l404ktl7vy5f",60,60,
"cmojavscs0005i304gyu0aay6","cmojavscs0001i3041mv566ov","cmnh57xam009uii04kms3op12",60,60,
"cmojavscs0006i304wwkt3p54","cmojavscs0001i3041mv566ov","cmn6uxoqc006nl404t2zlp86z",32,32,
"cmojblfni0004la043bqajftv","cmojblfni0002la04jge6j76i","cmnh57v7z0021ii04v1ygmw8m",90,90,
"cmojblfni0005la044vc4iscc","cmojblfni0002la04jge6j76i","cmnh57was006tii04hxq52eez",40,40,
"cmojdrwfx0003l704uvp6rwlt","cmojdrwfx0001l7045ssb0bsu","cmnh57v7z0021ii04v1ygmw8m",500,500,"ml"
"cmojdypsp0004l2047u4yjmh4","cmojdypsp0002l204q7bay79u","cmnh57v7z0021ii04v1ygmw8m",60,60,
"cmojdypsp0005l2049563rf56","cmojdypsp0002l204q7bay79u","cmnh57xam009uii04kms3op12",60,60,
"cmojdypsp0006l204hw2fp7bo","cmojdypsp0002l204q7bay79u","cmn6uxoqc006nl404t2zlp86z",32,32,
"cmojffns50007jo04yziilzr9","cmojffns40005jo04ipg2hgnu","cmnh57v7z0021ii04v1ygmw8m",60,60,
"cmojffns50008jo04qglqqwjz","cmojffns40005jo04ipg2hgnu","cmn6uxos50073l404ktl7vy5f",60,60,
"cmojffns50009jo04v9zcm0ze","cmojffns40005jo04ipg2hgnu","cmnh57xam009uii04kms3op12",60,60,
"cmojfh4ei0004jr04trmbxv04","cmojfh4ei0002jr04ov55qhur","cmn6uxos50073l404ktl7vy5f",60,60,
"cmojfh4ei0005jr04eeiydung","cmojfh4ei0002jr04ov55qhur","cmnh57vfx0030ii04pq8nnbid",60,60,
"cmojfh4ei0006jr04lqp7fnl9","cmojfh4ei0002jr04ov55qhur","cmnh57xam009uii04kms3op12",60,60,
"cmojfi8px0003ih04sy3dfczg","cmojfi8px0001ih04acq87ydc","cmnh57v7z0021ii04v1ygmw8m",60,60,
"cmojfi8px0004ih04a84176u1","cmojfi8px0001ih04acq87ydc","cmn6uxos50073l404ktl7vy5f",60,60,
"cmojfi8px0005ih0459mvol0j","cmojfi8px0001ih04acq87ydc","cmnh57xam009uii04kms3op12",60,60,
"cmojfkqap000mih04iuzofux1","cmojfkqap000kih04tswv2zg4","cmnh57v7z0021ii04v1ygmw8m",60,60,
"cmojfkqap000nih04byawd2cm","cmojfkqap000kih04tswv2zg4","cmn6uxos50073l404ktl7vy5f",60,60,
"cmojfkqap000oih046r5pbwv1","cmojfkqap000kih04tswv2zg4","cmnh57xam009uii04kms3op12",60,60,
"cmojfs2te000sjr04y9wjtta0","cmojfs2te000qjr04qmjbbuyp","cmnh57v7z0021ii04v1ygmw8m",60,60,
"cmojfs2te000tjr04yvmi30i3","cmojfs2te000qjr04qmjbbuyp","cmnh57xam009uii04kms3op12",60,60,
"cmojfs2te000ujr04fl4vcdcj","cmojfs2te000qjr04qmjbbuyp","cmn6uxoqc006nl404t2zlp86z",32,32,
"cmojge3d70004l104lhzrxutb","cmojge3d70002l104qf6fb37b","cmnh57v7z0021ii04v1ygmw8m",30,30,
"cmojge3d70005l104643p3pti","cmojge3d70002l104qf6fb37b","cmn6uxos50073l404ktl7vy5f",30,30,
"cmojge3d70006l104qt6xlmgp","cmojge3d70002l104qf6fb37b","cmnh57xam009uii04kms3op12",30,30,
"cmojge3d70007l1041qzb5ipf","cmojge3d70002l104qf6fb37b","cmn6uxoqc006nl404t2zlp86z",16,16,
"cmojfw5mp001bjr04lonzude7","cmojfw5mp0019jr04wv0a8lqd","cmnh57v7z0021ii04v1ygmw8m",300,300,"ml"
"cmojmc1r40003jx04u9nv97dg","cmojmc1r40001jx04cbttb9uo","cmnh57v5l001tii04p3vkkf9m",5,5,
"cmojmc1r40004jx04by5a40mi","cmojmc1r40001jx04cbttb9uo","cmnh57vs4004eii040hxc490q",4,4,
"cmojmc1r40005jx04nz55koax","cmojmc1r40001jx04cbttb9uo","cmn6uxoyi008tl404qhxdtcna",8,8,
"cmojmie7h0003l804rekzaa2j","cmojmie7h0001l804lnxnfw15","cmnh57v7z0021ii04v1ygmw8m",500,500,"ml"
"cmojmie7h0004l8041x6cv1mf","cmojmie7h0001l804lnxnfw15","cmn6uxos50073l404ktl7vy5f",1000,1000,"ml"
"cmojsfwgp000di804bhs0qqp7","cmojsfwgp000bi804w4c698jd","cmnh57v5l001tii04p3vkkf9m",5,5,
"cmojsfwgp000ei804u7lg1l6z","cmojsfwgp000bi804w4c698jd","cmnh57vs4004eii040hxc490q",4,4,
"cmojsfwgp000fi8045qi02hlk","cmojsfwgp000bi804w4c698jd","cmn6uxoyi008tl404qhxdtcna",8,8,
"cmojvq50d0006ld04hkpgkw1k","cmojvq50d0004ld04yajimehn","cmn6uxol9005bl404wqby9sr2",60,60,
"cmojvq50d0007ld04rqvgcgmm","cmojvq50d0004ld04yajimehn","cmn6uxos50073l404ktl7vy5f",80,80,
"cmojvstt4000jld04obgts0du","cmojvstt4000hld04nink2ned","cmnh57v7z0021ii04v1ygmw8m",60,60,
"cmojvstt4000kld04rrb75ebj","cmojvstt4000hld04nink2ned","cmn6uxos50073l404ktl7vy5f",60,60,
"cmojvstt4000lld04q8smiaqm","cmojvstt4000hld04nink2ned","cmnh57xam009uii04kms3op12",60,60,
"cmojvstt4000mld040bt7mrfv","cmojvstt4000hld04nink2ned","cmn6uxoqc006nl404t2zlp86z",32,32,
"cmojvw6nt0006i6049cvd5dyh","cmojvw6nt0004i6040iz7ov72","cmnh57v7z0021ii04v1ygmw8m",60,60,
"cmojvw6nt0007i604tlycpt4c","cmojvw6nt0004i6040iz7ov72","cmn6uxos50073l404ktl7vy5f",60,60,
"cmojvw6nt0008i6048qwfrz9w","cmojvw6nt0004i6040iz7ov72","cmnh57xam009uii04kms3op12",60,60,
"cmojvw6nt0009i604wmin6he6","cmojvw6nt0004i6040iz7ov72","cmn6uxoqc006nl404t2zlp86z",32,32,
"cmojw2xuv0005kw04d7az8g4s","cmojw2xuv0003kw04vw8mt9qb","cmnh57v7z0021ii04v1ygmw8m",60,60,
"cmojw2xuv0006kw04j1iqexi3","cmojw2xuv0003kw04vw8mt9qb","cmn6uxos50073l404ktl7vy5f",60,60,
"cmojw2xuv0007kw04qqkpyocj","cmojw2xuv0003kw04vw8mt9qb","cmnh57xam009uii04kms3op12",60,60,
"cmokogjod0003js04d9iicf91","cmokogjod0001js04slo7b7ai","cmnh57xam009uii04kms3op12",360,360,"gr"
"cmokrymyf0007jr045obhgt3c","cmokrymyf0005jr04hgied1oz","cmnh57v7z0021ii04v1ygmw8m",90,90,
"cmokrymyf0008jr04e9v59y79","cmokrymyf0005jr04hgied1oz","cmn6uxos50073l404ktl7vy5f",90,90,
"cmokrymyf0009jr04efbyzvaa","cmokrymyf0005jr04hgied1oz","cmnh57xam009uii04kms3op12",90,90,
"cmokrymyf000ajr044vyyp311","cmokrymyf0005jr04hgied1oz","cmn6uxoqc006nl404t2zlp86z",48,48,
"cmoks1gda0008l804malv2spl","cmoks1gda0006l8047zavhox8","cmnh57xam009uii04kms3op12",90,90,
"cmoks1gda0009l804l8ptlhqz","cmoks1gda0006l8047zavhox8","cmnh57v7z0021ii04v1ygmw8m",90,90,
"cmoks1gda000al804yntpfu0p","cmoks1gda0006l8047zavhox8","cmn6uxos50073l404ktl7vy5f",90,90,
"cmoksakr9000ujr04f51z7ku9","cmoksakr9000sjr04glzfr5h9","cmnh57v7z0021ii04v1ygmw8m",60,60,
"cmoksakr9000vjr0415586atv","cmoksakr9000sjr04glzfr5h9","cmn6uxos50073l404ktl7vy5f",60,60,
"cmoksakr9000wjr04518dqw6b","cmoksakr9000sjr04glzfr5h9","cmnh57xam009uii04kms3op12",60,60,
"cmoksakr9000xjr04ms7rokyq","cmoksakr9000sjr04glzfr5h9","cmn6uxoqc006nl404t2zlp86z",16,16,
"cmoktj2xa000akz04gc6whmjn","cmoktj2xa0008kz04qaij277a","cmnh57vtq004iii047vhl4tfv",60,60,
"cmoktj2xa000bkz043oon8yb9","cmoktj2xa0008kz04qaij277a","cmn6uxos50073l404ktl7vy5f",60,60,
"cmoktj2xa000ckz04meyopd1m","cmoktj2xa0008kz04qaij277a","cmnh57xam009uii04kms3op12",60,60,
"cmoktj2xa000dkz043piy0dlq","cmoktj2xa0008kz04qaij277a","cmn6uxoqc006nl404t2zlp86z",16,16,
"cmokttfuh0006l404d3gyp317","cmokttfug0004l404tdiexjik","cmnh57vtq004iii047vhl4tfv",120,120,
"cmokttfuh0007l404hqwdl1q6","cmokttfug0004l404tdiexjik","cmn6uxos50073l404ktl7vy5f",60,60,
"cmokttfuh0008l404nm20t3np","cmokttfug0004l404tdiexjik","cmnh57xam009uii04kms3op12",60,60,
"cmokttfuh0009l404a1jg1lns","cmokttfug0004l404tdiexjik","cmn6uxoqc006nl404t2zlp86z",16,16,
"cmoku0ubb000ul4041behm0ac","cmoku0ubb000sl4046b2154zc","cmn6uxoza0091l404q2kic93u",30,30,
"cmoku0ubb000vl40492vehlex","cmoku0ubb000sl4046b2154zc","cmnh57v3f001nii04jiigv6ie",30,30,
"cmoku0ubb000wl4040shbzmkq","cmoku0ubb000sl4046b2154zc","cmn6uxoim004ll404old4kyvf",30,30,
"cmoku0ubb000xl404emuu1qx9","cmoku0ubb000sl4046b2154zc","cmn6uxohw004el404yr648ktq",30,30,
"cmokudxmh001fl404fdb8zbfg","cmokudxmg001dl404zhn64nli","cmnh57v7z0021ii04v1ygmw8m",150,150,
"cmokudxmh001gl404mxgm6163","cmokudxmg001dl404zhn64nli","cmn6uxohw004el404yr648ktq",150,150,
"cmokudxmh001hl4044sde2kk3","cmokudxmg001dl404zhn64nli","cmnh57v3f001nii04jiigv6ie",150,150,
"cmokudxmh001il4048l1c3spg","cmokudxmg001dl404zhn64nli","cmn6uxoqc006nl404t2zlp86z",40,40,
"cmokvekrf0027l404yg446es5","cmokvekrf0025l404xvkz5suz","cmn6uxoi0004fl404rc3xrewg",60,60,
"cmokvekrf0028l4040rhjx2q7","cmokvekrf0025l404xvkz5suz","cmn6uxoqc006nl404t2zlp86z",32,32,
"cmokvg4dw0003ju042wcmczfh","cmokvg4dw0001ju04sfr0tb0d","cmn6uxocr003al404uua0n5sw",1000,1000,"ml"
"cmokuxj1c0003l7049qnadsiu","cmokuxj1c0001l704ifcj07bx","cmnh57v3f001nii04jiigv6ie",450,450,"ml"
"cmokuxj1c0004l7049lia04op","cmokuxj1c0001l704ifcj07bx","cmnh57uwr000zii04jxdbomov",500,500,"ml"
"cmokw4nfn0004jo04qtw9e8oz","cmokw4nfm0002jo04e6ew9cy2","cmnh57v3f001nii04jiigv6ie",90,90,
"cmokw4nfn0005jo04k6kvwxas","cmokw4nfm0002jo04e6ew9cy2","cmn6uxoi0004fl404rc3xrewg",150,150,
"cmokw4nfn0006jo0471xzw7ww","cmokw4nfm0002jo04e6ew9cy2","cmn6uxoho004cl404shdz6ehi",150,150,
"cmokw4nfn0007jo04a8up3lpd","cmokw4nfm0002jo04e6ew9cy2","cmnh57v7l001zii04qwsyglpt",135,135,
"cmokx1wyd0004jr043hksaiuq","cmokx1wyd0002jr04ys32i483","cmn6uxoqc006nl404t2zlp86z",32,32,
"cmokx1wyd0005jr04ouyiw896","cmokx1wyd0002jr04ys32i483","cmnh57v7z0021ii04v1ygmw8m",60,60,
"cmokx1wye0006jr04w0asapnj","cmokx1wyd0002jr04ys32i483","cmnh57xam009uii04kms3op12",60,60,
"cmol8dqpa0003la04t1w37872","cmol8dqp80001la04035gmc66","cmn6uxojw004yl404s5fx1z5y",1000,1000,"ml"
"cmol8dqpa0004la04t7cu89xj","cmol8dqp80001la04035gmc66","cmn6uxos50073l404ktl7vy5f",1000,1000,"ml"
"cmol8dqpa0005la04omcgu411","cmol8dqp80001la04035gmc66","cmn6uxo5a001bl404gi3lz7xe",500,500,"ml"
"cmol8dqpa0006la043a82bb1a","cmol8dqp80001la04035gmc66","cmnh57v8h0024ii04jsswkmm5",300,300,"ml"
"cmoldqc2n0003jm049uv04q4k","cmoldqc2n0001jm0467wcfuun","cmn6uxope006el4042tfxjgry",275,275,"ml"
"cmom6n0dw0005l104i87fg4vu","cmom6n0dw0003l104onfhwx30","cmn6uxoqc006nl404t2zlp86z",16,16,
"cmom6n0dw0006l1040462v181","cmom6n0dw0003l104onfhwx30","cmnh57v7z0021ii04v1ygmw8m",16,16,
"cmom6n0dw0007l104w6rdhj2x","cmom6n0dw0003l104onfhwx30","cmnh57x0o008xii04rxwc9yw2",16,16,
"cmom6n0dw0008l104ojj8b2le","cmom6n0dw0003l104onfhwx30","cmn6uxoi0004fl404rc3xrewg",16,16,
"cmom6n0dw0009l104m6ijk4im","cmom6n0dw0003l104onfhwx30","cmnh57xdv00ahii045nmwt6ha",16,16,
"cmolbz7fv0003jm04vo5mi3c8","cmolbz7ft0001jm04q2ksxeoi","cmnh57v3f001nii04jiigv6ie",1000,1000,"ml"
"cmolbz7fv0004jm0477y3cd1f","cmolbz7ft0001jm04q2ksxeoi","cmn6uxos50073l404ktl7vy5f",1000,1000,"ml"
"cmolbz7fv0005jm044825linf","cmolbz7ft0001jm04q2ksxeoi","cmnh57v7z0021ii04v1ygmw8m",1000,1000,"ml"
"cmolilrma0003l404dszleba2","cmolilrma0001l40447rrxtm5","cmn6uxol10059l404yru66sso",120,120,"ml"
"cmolilrma0004l4041kkyo8l1","cmolilrma0001l40447rrxtm5","cmnh57vtq004iii047vhl4tfv",150,150,"ml"
"cmom7y3ej000ul104xoup311u","cmom7y3ej000sl104d1ag4xud","cmn6uxos50073l404ktl7vy5f",90,90,
"cmom7y3ej000vl1046vlajrsl","cmom7y3ej000sl104d1ag4xud","cmnh57v7z0021ii04v1ygmw8m",90,90,
"cmom7y3ej000wl104sh6wchns","cmom7y3ej000sl104d1ag4xud","cmnh57v3f001nii04jiigv6ie",90,90,
"cmom8ev1i001el104uf4auyzy","cmom8ev1i001cl104pilghytc","cmnh57v7z0021ii04v1ygmw8m",60,60,
"cmom8ev1i001fl104muvccvcr","cmom8ev1i001cl104pilghytc","cmnh57v3f001nii04jiigv6ie",60,60,
"cmom8ev1i001gl104nb898odp","cmom8ev1i001cl104pilghytc","cmnh57xam009uii04kms3op12",60,60,
"cmom8gntb001yl1047qpfdvx4","cmom8gntb001wl10477yn9w65","cmnh57v7z0021ii04v1ygmw8m",60,60,
"cmom8gntb001zl104dppgbs2j","cmom8gntb001wl10477yn9w65","cmnh57v3f001nii04jiigv6ie",60,60,
"cmom8gntb0020l104ly7xajgj","cmom8gntb001wl10477yn9w65","cmnh57xam009uii04kms3op12",60,60,
"cmom8ief80008l204gqsxwzeu","cmom8ief80006l20452hg5vyx","cmn6uxoza0091l404q2kic93u",32,32,
"cmom8ief80009l204y56fawmu","cmom8ief80006l20452hg5vyx","cmn6uxos50073l404ktl7vy5f",60,60,
"cmom8ief8000al204gp2ij10y","cmom8ief80006l20452hg5vyx","cmnh57xam009uii04kms3op12",60,60,
"cmom99u6w002hl104ov3ttsp7","cmom99u6w002fl104obxpcq7o","cmnh57v7z0021ii04v1ygmw8m",80,80,
"cmom99u6w002il104ivcl84ua","cmom99u6w002fl104obxpcq7o","cmn6uxos50073l404ktl7vy5f",80,80,
"cmom9dv3x000wl204o1s27wwk","cmom9dv3x000ul204kerz0m20","cmnh57uwr000zii04jxdbomov",45,45,
"cmom9dv3x000xl204iatulztj","cmom9dv3x000ul204kerz0m20","cmnh57v3f001nii04jiigv6ie",90,90,
"cmoma3f3b001al204xcb86diy","cmoma3f3b0018l204j2dk3mqe","cmnh57v3f001nii04jiigv6ie",30,30,
"cmoma3f3b001bl20438ovml99","cmoma3f3b0018l204j2dk3mqe","cmn6uxohw004el404yr648ktq",30,30,
"cmomanqod0003l404ay9zgr5q","cmomanqod0001l4048355hh0r","cmnh57uwr000zii04jxdbomov",48,48,
"cmomanqod0004l404lmgtjkmi","cmomanqod0001l4048355hh0r","cmnh57xam009uii04kms3op12",90,90,
"cmomanqod0005l404krzi58zj","cmomanqod0001l4048355hh0r","cmn6uxoqc006nl404t2zlp86z",48,48,
"cmombx7m90005lb04l4kahnhs","cmombx7m90003lb04a0veo9od","cmn6uxocr003al404uua0n5sw",580,580,
"cmomc4wah0004if04c1sdrjw0","cmomc4wah0002if04j587b2t2","cmn6uxohw004el404yr648ktq",360,360,
"cmomc4wah0005if04u0gws9h6","cmomc4wah0002if04j587b2t2","cmnh57v3f001nii04jiigv6ie",360,360,
"cmomc4wah0006if049docabah","cmomc4wah0002if04j587b2t2","cmn6uxolu005hl404jxgk0691",90,90,
"cmomc88ub0003jl04sgrdsys6","cmomc88ua0001jl040fx2dpsv","cmnh57v8h0024ii04jsswkmm5",60,60,
"cmomc88ub0004jl04r78fnmp4","cmomc88ua0001jl040fx2dpsv","cmn6uxojw004yl404s5fx1z5y",200,200,
"cmomcb2ig000gjl04d7mox85l","cmomcb2ig000ejl04ik0pmxr6","cmn6uxo5a001bl404gi3lz7xe",200,200,
"cmomcb2ig000hjl04w3smhgrg","cmomcb2ig000ejl04ik0pmxr6","cmnh57v8h0024ii04jsswkmm5",60,60,
"cmomchmu00003l8049vqznrnh","cmomchmu00001l804023gpnj1","cmnh57v8h0024ii04jsswkmm5",30,30,
"cmombchjv0003js04g9so6xj1","cmombchjv0001js04y466akf1","cmn6uxope006el4042tfxjgry",300,325,"ml"
"cmompbrp90003la04q82twmw9","cmompbrp90001la047fddm3k0","cmnh57v5l001tii04p3vkkf9m",5,5,
"cmompbrp90004la04k5k72enc","cmompbrp90001la047fddm3k0","cmn6uxoyi008tl404qhxdtcna",8,8,
"cmompbrp90005la04w1xo0f7i","cmompbrp90001la047fddm3k0","cmnh57vrx004dii04daohjrik",2,2,
"cmomqnyhz0003k004gjpmqcs0","cmomqnyhz0001k004itd28mhz","cmnh57vfx0030ii04pq8nnbid",500,500,"ml"
"cmonmb2350004l104mdlg77zk","cmonmb2350002l104aqs9xj33","cmn6uxo6c001ll404cud1fces",60,60,
"cmonmb2350005l104x3jlzge0","cmonmb2350002l104aqs9xj33","cmn6uxoqc006nl404t2zlp86z",32,32,
"cmop4o4dz0004l504nw06lc2c","cmop4o4dz0002l50460unaml8","cmnh57vfx0030ii04pq8nnbid",120,120,
"cmop4o4dz0005l5048c5no74c","cmop4o4dz0002l50460unaml8","cmnh57xam009uii04kms3op12",120,120,
"cmop4o4dz0006l504wrrt0x61","cmop4o4dz0002l50460unaml8","cmn6uxos50073l404ktl7vy5f",120,120,
"cmop6lltw0004kz04wdbous28","cmop6lltw0002kz04e7uenfqi","cmnh57v7z0021ii04v1ygmw8m",32,32,
"cmop6lltw0005kz04abj3hn9v","cmop6lltw0002kz04e7uenfqi","cmn6uxos50073l404ktl7vy5f",32,32,
"cmop6lltw0006kz04nmf8w726","cmop6lltw0002kz04e7uenfqi","cmn6uxoqc006nl404t2zlp86z",32,32,
"cmop6lltw0007kz04uv74xk96","cmop6lltw0002kz04e7uenfqi","cmn6uxoot0069l4046mv127vc",32,32,
"cmoqfvltg0003l504w2fgm5wg","cmoqfvltf0001l5047emukvzt","cmnh57ux40011ii04wyhrud9s",2,2,
"cmoqfvltg0004l5045j5dqiw4","cmoqfvltf0001l5047emukvzt","cmnh57v5l001tii04p3vkkf9m",4,4,
"cmoqfvltg0005l504bjhze0cy","cmoqfvltf0001l5047emukvzt","cmnh57vs4004eii040hxc490q",4,4,
"cmoqihyok0004le042myu40fu","cmoqihyok0002le04awfsbgqd","cmnh57vtq004iii047vhl4tfv",120,120,
"cmoqihyok0005le04i5gdfgtl","cmoqihyok0002le04awfsbgqd","cmn6uxos50073l404ktl7vy5f",60,60,
"cmoqihyok0006le04cuko8y6r","cmoqihyok0002le04awfsbgqd","cmnh57xam009uii04kms3op12",60,60,
"cmoqihyok0007le04vie3mjoj","cmoqihyok0002le04awfsbgqd","cmn6uxoqc006nl404t2zlp86z",16,16,
"cmoqj9xbm0005lb04d7wpufse","cmoqj9xbm0003lb04p6zp4dki","cmnh57vtq004iii047vhl4tfv",120,120,
"cmoqj9xbm0006lb04hi0ib88y","cmoqj9xbm0003lb04p6zp4dki","cmnh57xam009uii04kms3op12",60,60,
"cmoqj9xbm0007lb04xm9idehr","cmoqj9xbm0003lb04p6zp4dki","cmnh57v3f001nii04jiigv6ie",60,60,
"cmoqj9xbm0008lb04vbvxesu9","cmoqj9xbm0003lb04p6zp4dki","cmn6uxoqc006nl404t2zlp86z",18,18,
"cmoqka57t000aju045bjrww2a","cmoqka57t0008ju044epe5up6","cmnh57v7z0021ii04v1ygmw8m",60,60,
"cmoqka57t000bju0425muepaq","cmoqka57t0008ju044epe5up6","cmn6uxos50073l404ktl7vy5f",60,60,
"cmoqka57t000cju049wfq19jh","cmoqka57t0008ju044epe5up6","cmnh57xam009uii04kms3op12",60,60,
"cmoqka57t000dju04ac4az5eo","cmoqka57t0008ju044epe5up6","cmn6uxoqc006nl404t2zlp86z",32,32,
"cmoqkc2590006ju04yj7vsppv","cmoqkc2590004ju04bbey9ads","cmnh57vtq004iii047vhl4tfv",120,120,
"cmoqkc2590007ju047ge2n8ub","cmoqkc2590004ju04bbey9ads","cmn6uxos50073l404ktl7vy5f",60,60,
"cmoqkc2590008ju04229cn8nr","cmoqkc2590004ju04bbey9ads","cmnh57xam009uii04kms3op12",60,60,
"cmoqkc2590009ju04kwxvl497","cmoqkc2590004ju04bbey9ads","cmn6uxoqc006nl404t2zlp86z",16,16,
"cmoqkl81o0006l4048hvxhkjm","cmoqkl81o0004l404mg05d7gz","cmnh57v7z0021ii04v1ygmw8m",60,60,
"cmoqkl81o0007l404lgalsi5x","cmoqkl81o0004l404mg05d7gz","cmn6uxolu005hl404jxgk0691",60,60,
"cmoqky29e0012ju046qrxdd0w","cmoqky29e0010ju04c12mdn2i","cmnh57v7z0021ii04v1ygmw8m",15,15,
"cmoqky29e0013ju04ev8c885l","cmoqky29e0010ju04c12mdn2i","cmn6uxos50073l404ktl7vy5f",15,15,
"cmoqky29e0014ju041cle0pk5","cmoqky29e0010ju04c12mdn2i","cmn6uxoqc006nl404t2zlp86z",8,8,
"cmoqm4qis000ai904k291dv7s","cmoqm4qis0008i9040219n7rg","cmnh57vtq004iii047vhl4tfv",240,240,
"cmoqm4qis000bi9047hsg6c9k","cmoqm4qis0008i9040219n7rg","cmn6uxos50073l404ktl7vy5f",160,160,
"cmoqm4qis000ci904kog6dyjc","cmoqm4qis0008i9040219n7rg","cmn6uxohw004el404yr648ktq",120,120,
"cmoqrsljl0003l504oijeoeyi","cmoqrsljl0001l504hnawo9od","cmnh57vg50031ii04b1euys0x",2,2,
"cmoqrsljl0004l504zmxnz11p","cmoqrsljl0001l504hnawo9od","cmn6uxowg0088l40447uwraw0",2,2,
"cmoqrsljl0005l50415grx5zn","cmoqrsljl0001l504hnawo9od","cmnh57wmq007oii04r02hg3xm",4,4,
"cmoqrv1ak0003l004txzjzfwe","cmoqrv1ak0001l004xn4bc7rx","cmnh57vfx0030ii04pq8nnbid",2,2,
"cmoqrv1ak0004l004lohkbs49","cmoqrv1ak0001l004xn4bc7rx","cmn6uxowg0088l40447uwraw0",1,1,
"cmoqrv1ak0005l0043jn64du5","cmoqrv1ak0001l004xn4bc7rx","cmnh57wmq007oii04r02hg3xm",2,2,
"cmoqrv1ak0006l004pym295cb","cmoqrv1ak0001l004xn4bc7rx","cmnh57vs4004eii040hxc490q",2,2,
"cmoqrv1ak0007l004ghopwfld","cmoqrv1ak0001l004xn4bc7rx","cmn6uxoyi008tl404qhxdtcna",2,2,
"cmoqrv1ak0008l00417o9825r","cmoqrv1ak0001l004xn4bc7rx","cmnh57v5l001tii04p3vkkf9m",1,1,
"cmoqrv1ak0009l004p7yth1zw","cmoqrv1ak0001l004xn4bc7rx","cmnh57v7z0021ii04v1ygmw8m",2,2,
"cmoqjhg93000slb04u0tn7cd6","cmoqjhg93000qlb04z0i51lz0","cmnh57v7z0021ii04v1ygmw8m",1000,1000,"ml"
"cmoqrwrm5000ll00479mg46xm","cmoqrwrm5000jl004pt8grnho","cmn6uxoqc006nl404t2zlp86z",2,2,
"cmoqs04df000rl004fxcwk76p","cmoqs04df000pl004axcsyv2t","cmn6uxoqc006nl404t2zlp86z",2,2,
"cmoqs28qa000bl504q6o1iw1w","cmoqs28qa0009l504qj6axs5i","cmnh57vtq004iii047vhl4tfv",1,1,
"cmoquvfb00003l7045iw3bcqc","cmoquvfb00001l704thocg1k1","cmnh57uwr000zii04jxdbomov",180,180,"ml"
"cmoquvfb00004l704nwajs2h6","cmoquvfb00001l704thocg1k1","cmn6uxo510019l404db2jw3c6",1000,1000,"gr"
"cmoquvfb00005l7047wx2om5c","cmoquvfb00001l704thocg1k1","cmn6uxolu005hl404jxgk0691",140,140,"ml"
"cmoqvh4sg0003js04g0msdan2","cmoqvh4sg0001js04nwqlglh1","cmn6uxo510019l404db2jw3c6",600,600,"gr"
"cmoqvuk0z0005l104h6f9rs20","cmoqvuk0z0003l10433fkl82k","cmnh57vtq004iii047vhl4tfv",180,180,"ml"
"cmoqzv4dn0003jt0450v1z112","cmoqzv4dn0001jt045h5g8b9v","cmn6uxoqc006nl404t2zlp86z",1,1,
"cmor00lzb000bl2048o4v3wwf","cmor00lzb0009l204zs8t1d4a","cmnh57vfx0030ii04pq8nnbid",2,2,
"cmor00lzc000cl204t84z7pog","cmor00lzb0009l204zs8t1d4a","cmn6uxowg0088l40447uwraw0",1,1,
"cmor00lzc000dl204npno4d9s","cmor00lzb0009l204zs8t1d4a","cmnh57wmq007oii04r02hg3xm",2,2,
"cmor02wjq000fjt04o3yfrmmp","cmor02wjq000djt0460s07zv4","cmn6uxoyi008tl404qhxdtcna",2,2,
"cmor02wjq000gjt04g7ercagp","cmor02wjq000djt0460s07zv4","cmnh57vs4004eii040hxc490q",2,2,
"cmor02wjq000hjt04c9adump7","cmor02wjq000djt0460s07zv4","cmnh57v5l001tii04p3vkkf9m",1,1,
"cmor48cfs0004ld0497tws8wo","cmor48cfs0002ld04e4by3p4l","cmnh57xam009uii04kms3op12",30,30,
"cmor48cfs0005ld042bk6xusn","cmor48cfs0002ld04e4by3p4l","cmn6uxos50073l404ktl7vy5f",30,30,
"cmor48cfs0006ld04fx7he5no","cmor48cfs0002ld04e4by3p4l","cmnh57vfx0030ii04pq8nnbid",30,30,
"cmorus7pm0003l804we574vfk","cmorus7pm0001l804247oo4n1","cmn6uxohw004el404yr648ktq",110,110,
"cmorus7pm0004l804n63ozp9p","cmorus7pm0001l804247oo4n1","cmn6uxo68001kl40463yw45cf",120,120,
"cmorwr30z0004ih04wqpvko97","cmorwr30z0002ih04j60usw21","cmnh57v7z0021ii04v1ygmw8m",60,60,
"cmorwr30z0005ih04k9dakzfm","cmorwr30z0002ih04j60usw21","cmn6uxos50073l404ktl7vy5f",60,60,
"cmorwr30z0006ih04pkhlthnz","cmorwr30z0002ih04j60usw21","cmnh57xam009uii04kms3op12",60,60,
"cmorxv54p0006jv04k1lv0zpp","cmorxv54p0004jv041facso44","cmnh57v7z0021ii04v1ygmw8m",60,60,
"cmorxv54p0007jv04g7af2giv","cmorxv54p0004jv041facso44","cmn6uxos50073l404ktl7vy5f",60,60,
"cmorxv54p0008jv040zs9r8q3","cmorxv54p0004jv041facso44","cmnh57xam009uii04kms3op12",30,30,
"cmorxylfj0004lb0452qoilfw","cmorxylfj0002lb04rpcpvo4v","cmn6uxol10059l404yru66sso",90,90,
"cmorxylfj0005lb04mo1vomg6","cmorxylfj0002lb04rpcpvo4v","cmn6uxohw004el404yr648ktq",90,90,
"cmorxylfj0006lb048bv33spb","cmorxylfj0002lb04rpcpvo4v","cmnh57v7z0021ii04v1ygmw8m",90,90,
"cmory51lr0004le0426j7m6t0","cmory51lr0002le04e3pvbsin","cmnh57v7z0021ii04v1ygmw8m",60,60,
"cmory51lr0005le04zr9ct5j3","cmory51lr0002le04e3pvbsin","cmn6uxos50073l404ktl7vy5f",60,60,
"cmory51lr0006le049lsiq458","cmory51lr0002le04e3pvbsin","cmnh57xam009uii04kms3op12",30,30,
"cmory9svr0004l504y7qthb0u","cmory9svr0002l504qvsggwgc","cmnh57v7z0021ii04v1ygmw8m",60,60,
"cmory9svr0005l504w21wu0mb","cmory9svr0002l504qvsggwgc","cmn6uxos50073l404ktl7vy5f",60,60,
"cmory9svr0006l504i8kphg05","cmory9svr0002l504qvsggwgc","cmnh57xam009uii04kms3op12",60,60,
"cmorz2hp5000cl104jmojv7zw","cmorz2hp5000al104zlj8xn1n","cmnh57vtq004iii047vhl4tfv",180,180,
"cmorz2hp5000dl104f25e2nc9","cmorz2hp5000al104zlj8xn1n","cmn6uxohw004el404yr648ktq",90,90,
"cmorzfiun0003ld04e4qv0f69","cmorzfiun0001ld042nrykvoc","cmn6uxohw004el404yr648ktq",120,120,
"cmorzfiun0004ld04dlqrwu4p","cmorzfiun0001ld042nrykvoc","cmnh57v7z0021ii04v1ygmw8m",120,120,
"cmorzfiun0005ld04gumbbfen","cmorzfiun0001ld042nrykvoc","cmn6uxo68001kl40463yw45cf",120,120,
"cmorzfiun0006ld04cztc91aa","cmorzfiun0001ld042nrykvoc","cmn6uxoqc006nl404t2zlp86z",64,64,
"cmorztgpk0004kw04b3s1gfql","cmorztgpk0002kw040srkzok0","cmnh57v7z0021ii04v1ygmw8m",60,60,
"cmorztgpk0005kw04vwvl3dv5","cmorztgpk0002kw040srkzok0","cmn6uxos50073l404ktl7vy5f",60,60,
"cmorztgpk0006kw04q2jmrtjx","cmorztgpk0002kw040srkzok0","cmnh57xam009uii04kms3op12",60,60,
"cmorzvleb0004l804zms6yuxo","cmorzvleb0002l804zkiwct9u","cmnh57v7z0021ii04v1ygmw8m",60,60,
"cmorzvleb0005l804na6atf1e","cmorzvleb0002l804zkiwct9u","cmn6uxos50073l404ktl7vy5f",60,60,
"cmorzvleb0006l804pb9i315k","cmorzvleb0002l804zkiwct9u","cmnh57xam009uii04kms3op12",80,80,
"cmos02k4d000mkw04nn47ejhi","cmos02k4c000kkw049907rgvb","cmnh57v7z0021ii04v1ygmw8m",30,30,
"cmos02k4d000nkw04d0juqdmm","cmos02k4c000kkw049907rgvb","cmn6uxos50073l404ktl7vy5f",30,30,
"cmos095680004l404usda2osb","cmos095680002l40474yx87q0","cmnh57v7z0021ii04v1ygmw8m",60,60,
"cmos095680005l404xxb6l5o6","cmos095680002l40474yx87q0","cmn6uxos50073l404ktl7vy5f",60,60,
"cmos1alvt0004jo04r3p7kcb5","cmos1alvt0002jo04v9leqq57","cmnh57v7z0021ii04v1ygmw8m",60,60,
"cmos1alvt0005jo04fea0nsxz","cmos1alvt0002jo04v9leqq57","cmn6uxos50073l404ktl7vy5f",60,60,
"cmos1alvt0006jo043fmdjcjx","cmos1alvt0002jo04v9leqq57","cmnh57xam009uii04kms3op12",60,60,
"cmos1oig10008jj044sh4qred","cmos1oig10006jj04xujfxj1t","cmn6uxohw004el404yr648ktq",50,50,
"cmos1oig10009jj04rfww5n9a","cmos1oig10006jj04xujfxj1t","cmnh57vtq004iii047vhl4tfv",120,120,
"cmos3r8ry0003jm04b67qxbul","cmos3r8rw0001jm040xdl9k6m","cmn6uxo16000al404nnckxne1",1,1,
"cmos3r8ry0004jm04fx0a9147","cmos3r8rw0001jm040xdl9k6m","cmn6uxocr003al404uua0n5sw",1,1,
"cmos53xcu0003la04g09pxh2c","cmos53xcu0001la0442zv6ay5","cmn6uxocr003al404uua0n5sw",1,1,
"cmos54tj80009la04xbr77724","cmos54tj80007la042s8k2fgk","cmn6uxo16000al404nnckxne1",1,1,
"cmos9gk070003l504eayrstds","cmos9gk070001l5045s19coe9","cmnh57ux40011ii04wyhrud9s",2,2,
"cmos9gk070004l504zf3uqfra","cmos9gk070001l5045s19coe9","cmnh57v5l001tii04p3vkkf9m",4,4,
"cmos9gk070005l504q6ioviee","cmos9gk070001l5045s19coe9","cmnh57vs4004eii040hxc490q",4,4,
"cmosauu410003l204cithu4ry","cmosauu400001l204g0z1wgab","cmnh57vtq004iii047vhl4tfv",180,180,"ml"
"cmosauu410004l204yuj6hvrn","cmosauu400001l204g0z1wgab","cmn6uxos50073l404ktl7vy5f",100,100,"ml"
"cmosauu410005l204qcgw9xcc","cmosauu400001l204g0z1wgab","cmn6uxohw004el404yr648ktq",390,390,"gr"
"cmoson3z70003jr049qv48ghn","cmoson3z70001jr04fpxb5ys3","cmn6uxowg0088l40447uwraw0",500,500,"ml"
"cmoson3z70004jr049gqu36dm","cmoson3z70001jr04fpxb5ys3","cmnh57wmq007oii04r02hg3xm",500,500,"ml"
"cmotd5n3s0003la048l6l1hez","cmotd5n3r0001la04i71bccua","cmnh57v7z0021ii04v1ygmw8m",30,30,
"cmotd5n3s0004la04ce68067e","cmotd5n3r0001la04i71bccua","cmn6uxos50073l404ktl7vy5f",30,30,
"cmotd5n3s0005la042m4bu2t8","cmotd5n3r0001la04i71bccua","cmnh57xam009uii04kms3op12",30,30,
"cmotd5n3s0006la04aii7djy5","cmotd5n3r0001la04i71bccua","cmn6uxoqc006nl404t2zlp86z",16,16,
"cmoteno100005jx046awr6lwp","cmoteno100003jx0418r1qqo9","cmnh57vfx0030ii04pq8nnbid",1000,1000,"ml"
"cmoteno100006jx04kttk6v4k","cmoteno100003jx0418r1qqo9","cmn6uxoyi008tl404qhxdtcna",250,250,"ml"
"cmoteno100007jx04b6shszeq","cmoteno100003jx0418r1qqo9","cmnh57vs4004eii040hxc490q",500,500,"ml"
"cmoteno100008jx04mryn0kpk","cmoteno100003jx0418r1qqo9","cmnh57v5l001tii04p3vkkf9m",100,100,"gr"
"cmoteno10000ajx04yq2z2haz","cmoteno100003jx0418r1qqo9","cmnh57v7z0021ii04v1ygmw8m",90,90,"ml"
"cmoteno10000bjx04ife4ze79","cmoteno100003jx0418r1qqo9","cmnh57vat002iii04tmhled2o",160,160,"gr"
"cmoteno10000cjx040i5bi2ct","cmoteno100003jx0418r1qqo9","cmn6uxoi0004fl404rc3xrewg",500,500,"gr"
"cmoteno10000djx042ttn9n8t","cmoteno100003jx0418r1qqo9","cmn6uxo510019l404db2jw3c6",800,800,"gr"
"cmorwuque001fl204jsjt1jsv","cmorwuqud001dl204soxmi8k2","cmnh57v7z0021ii04v1ygmw8m",1000,960,"ml"
"cmorwuque001gl2047bd3k9w4","cmorwuqud001dl204soxmi8k2","cmn6uxos50073l404ktl7vy5f",1000,1000,"ml"
"cmoteno100009jx04wswc7ubn","cmoteno100003jx0418r1qqo9","cmnh57wmq007oii04r02hg3xm",250,250,"ml"
"cmotgkke50004l504agnvapj1","cmotgkke40002l504kwgomgmu","cmnh57vat002iii04tmhled2o",32,32,
"cmotgkke50005l504qsqeertz","cmotgkke40002l504kwgomgmu","cmn6uxoqc006nl404t2zlp86z",32,32,
"cmotgkke50006l50431g88et3","cmotgkke40002l504kwgomgmu","cmn6uxoi0004fl404rc3xrewg",32,32,
"cmotigec30003ib04f5d3s6sp","cmotigec30001ib04d4b7dfzo","cmnh57v7z0021ii04v1ygmw8m",60,60,
"cmotigec30004ib04xmqhvuzh","cmotigec30001ib04d4b7dfzo","cmn6uxos50073l404ktl7vy5f",60,60,
"cmotigec30005ib04i9i8dvah","cmotigec30001ib04d4b7dfzo","cmnh57xam009uii04kms3op12",60,60,
"cmotij1en0006jr04d9baucs6","cmotij1en0004jr04md0pj15i","cmnh57v7z0021ii04v1ygmw8m",30,30,
"cmotij1en0007jr04snjxo6we","cmotij1en0004jr04md0pj15i","cmn6uxos50073l404ktl7vy5f",60,60,
"cmotij1en0008jr0435wisdtw","cmotij1en0004jr04md0pj15i","cmnh57xam009uii04kms3op12",60,60,
"cmotiks3a0006l404fl70s47o","cmotiks3a0004l404b6widuu4","cmnh57vfx0030ii04pq8nnbid",30,30,
"cmotiks3a0007l404oka9i5z8","cmotiks3a0004l404b6widuu4","cmnh57v3f001nii04jiigv6ie",30,30,
"cmotiks3a0008l4047vo2ydii","cmotiks3a0004l404b6widuu4","cmnh57xam009uii04kms3op12",30,30,
"cmotiuxvh0003l4044ctntksw","cmotiuxvg0001l404gx1tl2sf","cmn6uxoi0004fl404rc3xrewg",75,75,
"cmotiuxvh0004l404emf2du7b","cmotiuxvg0001l404gx1tl2sf","cmn6uxo72001sl404e5pb3oh3",75,75,
"cmotw55sh0005la044ocwpam9","cmotw55sh0003la04id39oyw2","cmn6uxoqc006nl404t2zlp86z",32,32,
"cmotw55sh0006la04q4u3gsa1","cmotw55sh0003la04id39oyw2","cmn6uxo6c001ll404cud1fces",60,60,
"cmotx9rkk0004jl042qfwvxc8","cmotx9rkk0002jl04jgtfiizs","cmn6uxoqc006nl404t2zlp86z",32,32,
"cmotx9rkk0005jl04grq5eia8","cmotx9rkk0002jl04jgtfiizs","cmn6uxo6c001ll404cud1fces",60,60,
"cmourbab10003la04xfi1hasg","cmourbab00001la04lwlohr2x","cmn6uxoqc006nl404t2zlp86z",500,500,"ml"
"cmourbab10004la04cl4jj80s","cmourbab00001la04lwlohr2x","cmnh57vtq004iii047vhl4tfv",390,390,"ml"
"cmournen30004if04wq78cu7p","cmournen30002if04rz7u82s2","cmnh57vfx0030ii04pq8nnbid",60,60,
"cmournen30005if04evb9mqyc","cmournen30002if04rz7u82s2","cmnh57vs4004eii040hxc490q",60,60,
"cmournen30006if04ix7r0v5c","cmournen30002if04rz7u82s2","cmnh57v3f001nii04jiigv6ie",60,60,
"cmousvkgn0004l4040xehrb2z","cmousvkgm0002l404084jyzuy","cmnh57v7z0021ii04v1ygmw8m",60,60,
"cmousvkgn0005l404nlg63dr6","cmousvkgm0002l404084jyzuy","cmnh57xam009uii04kms3op12",45,45,
"cmousvkgn0006l404qaopi69k","cmousvkgm0002l404084jyzuy","cmn6uxos50073l404ktl7vy5f",60,60,
"cmout0axp0005l704fs333ppq","cmout0axp0003l704msgbz6nf","cmn6uxoqc006nl404t2zlp86z",48,48,
"cmout0axp0006l704eix6uxev","cmout0axp0003l704msgbz6nf","cmnh57v7z0021ii04v1ygmw8m",90,90,
"cmout0axp0007l704og94ljoa","cmout0axp0003l704msgbz6nf","cmn6uxos50073l404ktl7vy5f",90,90,
"cmout0axp0008l704etgg3mom","cmout0axp0003l704msgbz6nf","cmnh57v3f001nii04jiigv6ie",90,90,
"cmoutl7f6000gjp044alc4xte","cmoutl7f6000ejp04h35xjbnc","cmnh57vtq004iii047vhl4tfv",180,180,
"cmoutl7f6000hjp040x23u6ni","cmoutl7f6000ejp04h35xjbnc","cmn6uxos50073l404ktl7vy5f",120,120,
"cmoutl7f6000ijp04gzjpwtjh","cmoutl7f6000ejp04h35xjbnc","cmn6uxohw004el404yr648ktq",90,90,
"cmoutl7f6000jjp04jms44dox","cmoutl7f6000ejp04h35xjbnc","cmn6uxoqc006nl404t2zlp86z",48,48,
"cmoutrp4e0004l404c8qkm2e4","cmoutrp4e0002l404ukb2x7j4","cmnh57v5l001tii04p3vkkf9m",70,70,
"cmoutrp4e0005l404l8riia4r","cmoutrp4e0002l404ukb2x7j4","cmnh57vs4004eii040hxc490q",90,90,
"cmoutso3b000flh04arp83ycw","cmoutso3a000dlh046b0c33gi","cmnh57v7z0021ii04v1ygmw8m",60,60,
"cmoutso3b000glh048x1bbucf","cmoutso3a000dlh046b0c33gi","cmnh57xam009uii04kms3op12",45,45,
"cmoutso3b000hlh04fy629ewg","cmoutso3a000dlh046b0c33gi","cmn6uxos50073l404ktl7vy5f",60,60,
"cmouv74on0005l404qmrf715m","cmouv74on0003l404fcgudfnd","cmnh57v7z0021ii04v1ygmw8m",60,60,
"cmouv74on0006l404q9dvmqf3","cmouv74on0003l404fcgudfnd","cmnh57xam009uii04kms3op12",60,60,
"cmouv74on0007l404g6z6usbc","cmouv74on0003l404fcgudfnd","cmn6uxos50073l404ktl7vy5f",60,60,
"cmouvo5yr0007lf044xx1bcw3","cmouvo5yq0005lf04osw0v2m2","cmnh57v5l001tii04p3vkkf9m",45,45,
"cmouvo5yr0008lf04kjd1v1mb","cmouvo5yq0005lf04osw0v2m2","cmnh57vs4004eii040hxc490q",30,30,
"cmouvog78000klf04vwx06ahk","cmouvog78000ilf041c4z9z48","cmnh57v7z0021ii04v1ygmw8m",90,90,
"cmouvog78000llf0449ng3mjv","cmouvog78000ilf041c4z9z48","cmn6uxos50073l404ktl7vy5f",90,90,
"cmouvog78000mlf040vs2wpv5","cmouvog78000ilf041c4z9z48","cmnh57xam009uii04kms3op12",90,90,
"cmouw4oiw0005ky049kbk1y4o","cmouw4oiw0003ky04ci664kdj","cmnh57v7z0021ii04v1ygmw8m",90,90,
"cmouw4oiw0006ky04tmj7iopg","cmouw4oiw0003ky04ci664kdj","cmn6uxos50073l404ktl7vy5f",90,90,
"cmoux9bcy0007k104f9ran4ne","cmoux9bcy0005k104dukdu9dz","cmn6uxozw0097l404aspvjqm1",60,60,
"cmoux9bcy0008k104esu5ujj6","cmoux9bcy0005k104dukdu9dz","cmnh57vtq004iii047vhl4tfv",60,60,
"cmoux9bcy0009k1048zc3dnib","cmoux9bcy0005k104dukdu9dz","cmn6uxozw0097l404aspvjqm1",10,10,
"cmoux9bcy000ak104io4q73js","cmoux9bcy0005k104dukdu9dz","cmnh57vtq004iii047vhl4tfv",10,10,
"cmov2g7jc0003l704t3bpjlgb","cmov2g7jb0001l7045pfl5ogt","cmn6uxocr003al404uua0n5sw",5,5,
"cmov2g7jc0004l704cpwqctk8","cmov2g7jb0001l7045pfl5ogt","cmouwlvxl0009kz04y8l0evzr",1,1,
"cmov2g7jc0005l704l6plg3ty","cmov2g7jb0001l7045pfl5ogt","cmouxek320017k104nt25byuu",5,5,
"cmov2g7jc0006l704mp95fvq9","cmov2g7jb0001l7045pfl5ogt","cmouwmhel000ajr048rsb19au",10,10,
"cmov2g7jc0007l70461tgix39","cmov2g7jb0001l7045pfl5ogt","cmouwn7qg000djr04oxs8tq15",4,4,
"cmov2kreg0003jx04uuiz8uv4","cmov2kref0001jx043320hjcj","cmn6uxowg0088l40447uwraw0",4,4,
"cmov2kreh0004jx04t6gemiac","cmov2kref0001jx043320hjcj","cmnh57xam009uii04kms3op12",4,4,
"cmov2kreh0005jx04ynj5nn1m","cmov2kref0001jx043320hjcj","cmn6uxoie004jl404oem0uygb",2,2,
"cmov2kreh0006jx04kgofiwa6","cmov2kref0001jx043320hjcj","cmnh57v7z0021ii04v1ygmw8m",5,5,
"cmov2kreh0007jx04tp3mmlda","cmov2kref0001jx043320hjcj","cmn6uxo5m001el404el39ylsi",1,1,
"cmov3xmet001jjp04nnqz3qtv","cmov3xmet001hjp04ntnv53z4","cmnh57v7z0021ii04v1ygmw8m",1000,1000,"ml"
"cmov3xmet001kjp04h6mdzdma","cmov3xmet001hjp04ntnv53z4","cmnh57vg50031ii04b1euys0x",500,500,"ml"
"cmow4880d0003l404fqbvd45t","cmow4880d0001l4046dbo7vgj","cmnh57v5l001tii04p3vkkf9m",55,55,
"cmow4880d0004l404cvjn7nrx","cmow4880d0001l4046dbo7vgj","cmnh57vs4004eii040hxc490q",60,60,
"cmow65m2d0005l7044gkozlqh","cmow65m2d0003l704l5xgw1ua","cmnh57v3f001nii04jiigv6ie",90,90,
"cmow65m2d0006l704qwkxzt60","cmow65m2d0003l704l5xgw1ua","cmnh57uwr000zii04jxdbomov",24,24,
"cmow8f7tu0003l204tj2acb58","cmow8f7tu0001l204albcga8d","cmn6uxoi0004fl404rc3xrewg",40,40,
"cmow8f7tv0004l204tacdshpk","cmow8f7tu0001l204albcga8d","cmn6uxolu005hl404jxgk0691",40,40,
"cmow8f7tv0005l2046ha4ldca","cmow8f7tu0001l204albcga8d","cmnh57v3f001nii04jiigv6ie",40,40,
"cmow8ulxt0004kv04b10wzg0i","cmow8ulxt0002kv049q08glr7","cmnh57uwr000zii04jxdbomov",120,120,
"cmow8ulxt0005kv04rxlevs1c","cmow8ulxt0002kv049q08glr7","cmnh57v3f001nii04jiigv6ie",120,120,
"cmow8ulxt0006kv04dr4wsw8b","cmow8ulxt0002kv049q08glr7","cmn6uxoqc006nl404t2zlp86z",60,60,
"cmow8ulxt0007kv0404or2ago","cmow8ulxt0002kv049q08glr7","cmn6uxoi0004fl404rc3xrewg",120,120,
"cmow9pibh0006lg04jgg08q9l","cmow9pibh0004lg04kh3ga4xm","cmnh57vfx0030ii04pq8nnbid",60,60,
"cmow9pibh0007lg04np7vxkqg","cmow9pibh0004lg04kh3ga4xm","cmnh57vs4004eii040hxc490q",60,60,
"cmow9pibh0008lg040nyjos0e","cmow9pibh0004lg04kh3ga4xm","cmn6uxos50073l404ktl7vy5f",60,60,
"cmowa8f2a0003ih04q73lzdfu","cmowa8f2a0001ih04kps71zba","cmnh57vtq004iii047vhl4tfv",60,60,
"cmowa8f2a0004ih04jc67kqld","cmowa8f2a0001ih04kps71zba","cmn6uxohw004el404yr648ktq",30,30,
"cmowa8f2a0005ih04090yvun7","cmowa8f2a0001ih04kps71zba","cmn6uxoqc006nl404t2zlp86z",16,16,
"cmowad3qz0003l804lpbcdku0","cmowad3qz0001l804kc2hpl2s","cmnh57vtq004iii047vhl4tfv",180,180,
"cmowad3qz0004l80423vveefz","cmowad3qz0001l804kc2hpl2s","cmn6uxohw004el404yr648ktq",90,90,
"cmowad3qz0005l804ulnk6bfb","cmowad3qz0001l804kc2hpl2s","cmn6uxoqc006nl404t2zlp86z",48,48,
"cmowahvhj0004ic04na6wfl15","cmowahvhj0002ic04y8luljtr","cmnh57v7z0021ii04v1ygmw8m",60,60,
"cmowahvhj0005ic04ue9g9hnf","cmowahvhj0002ic04y8luljtr","cmnh57xam009uii04kms3op12",60,60,
"cmowb47y40004js04nl7ghw19","cmowb47y40002js048hq69jnt","cmnh57v7z0021ii04v1ygmw8m",60,60,
"cmowb47y40005js041zp3mglt","cmowb47y40002js048hq69jnt","cmn6uxos50073l404ktl7vy5f",60,60,
"cmowb47y40006js04z2n25lpj","cmowb47y40002js048hq69jnt","cmnh57xam009uii04kms3op12",60,60,
"cmowb91fs0006i504r67eoh3t","cmowb91fs0004i504tw7eg57k","cmn6uxoqc006nl404t2zlp86z",32,32,
"cmowb91fs0007i5046c7rht1z","cmowb91fs0004i504tw7eg57k","cmn6uxo6c001ll404cud1fces",60,60,
"cmowbc3oe0003l704qun46si8","cmowbc3oe0001l704kn2fx5xu","cmnh57v7z0021ii04v1ygmw8m",60,60,
"cmowbc3oe0004l7044w8c0kq3","cmowbc3oe0001l704kn2fx5xu","cmn6uxos50073l404ktl7vy5f",60,60,
"cmowbhgyf000pl804varjuhzk","cmowbhgyf000nl804v1yrna4o","cmnh57vtq004iii047vhl4tfv",120,120,
"cmowbhgyf000ql804kbtj57sf","cmowbhgyf000nl804v1yrna4o","cmn6uxos50073l404ktl7vy5f",60,60,
"cmowbhgyf000rl804xyqqcizx","cmowbhgyf000nl804v1yrna4o","cmn6uxoqc006nl404t2zlp86z",16,16,
"cmowbytv80006l404o27hkeds","cmowbytv80004l404uysdzqm2","cmnh57v7z0021ii04v1ygmw8m",60,60,
"cmowbytv80007l4044x7pu2y2","cmowbytv80004l404uysdzqm2","cmnh57xam009uii04kms3op12",60,60,
"cmowc8r3j0005jm04l5tvqlqi","cmowc8r3i0003jm04y3xcjzx0","cmnh57v7z0021ii04v1ygmw8m",60,60,
"cmowc8r3j0006jm048423pbhl","cmowc8r3i0003jm04y3xcjzx0","cmn6uxos50073l404ktl7vy5f",60,60,
"cmowc8r3j0007jm046lfenkl9","cmowc8r3i0003jm04y3xcjzx0","cmnh57xam009uii04kms3op12",60,60,
"cmowcaqra000pjm04s0op0wbr","cmowcaqra000njm04psu3tupj","cmnh57v7z0021ii04v1ygmw8m",60,60,
"cmowcaqra000qjm04vftj6t50","cmowcaqra000njm04psu3tupj","cmn6uxos50073l404ktl7vy5f",60,60,
"cmowcaqra000rjm04h34507ac","cmowcaqra000njm04psu3tupj","cmnh57xam009uii04kms3op12",60,60,
"cmowcd9nu001bl80489to39c9","cmowcd9nu0019l804j0ihbovg","cmnh57v7z0021ii04v1ygmw8m",60,60,
"cmowcd9nu001cl80447of7qtx","cmowcd9nu0019l804j0ihbovg","cmn6uxos50073l404ktl7vy5f",60,60,
"cmowcd9nu001dl804w12inkpp","cmowcd9nu0019l804j0ihbovg","cmnh57xam009uii04kms3op12",60,60,
"cmowemi6d0004ih04nezbmokq","cmowemi6d0002ih04g256coki","cmnh57v7z0021ii04v1ygmw8m",60,60,
"cmowemi6d0005ih04vmoy1835","cmowemi6d0002ih04g256coki","cmn6uxos50073l404ktl7vy5f",60,60,
"cmowo5dth0003k104xrsyczd6","cmowo5dtf0001k104920nwklr","cmnh57v7z0021ii04v1ygmw8m",1000,960,"ml"
"cmowo5dth0004k104d3wq2n4h","cmowo5dtf0001k104920nwklr","cmn6uxojz004zl404ieofic0p",1000,1000,"ml"
"cmowu59k60003jv04l4f30hvy","cmowu59k60001jv04p9sdzjtj","cmn6uxocr003al404uua0n5sw",1000,1000,"ml"
"cmoxmfkb90006js046pf23yei","cmoxmfkb90004js04dyrqdbji","cmnh57uz80013ii04ndixblbn",15,15,
"cmoxmfkb90007js04a9n505pw","cmoxmfkb90004js04dyrqdbji","cmn6uxp6600avl404hq90bedu",100,100,
"cmoxmfkb90008js04yu2m4mtr","cmoxmfkb90004js04dyrqdbji","cmnh57v7z0021ii04v1ygmw8m",60,60,
"cmoxmfkb90009js040seybxqc","cmoxmfkb90004js04dyrqdbji","cmn6uxos50073l404ktl7vy5f",60,60,
"cmoxnb1p7000ql804vzei1dac","cmoxnb1p7000ol804mgj51kxp","cmnh57v8d0023ii043k1ttzni",60,60,
"cmoxnb1p7000rl804fw4x5q6x","cmoxnb1p7000ol804mgj51kxp","cmn6uxos50073l404ktl7vy5f",60,60,
"cmoxnb1p7000sl804qnnpg33z","cmoxnb1p7000ol804mgj51kxp","cmn6uxoqc006nl404t2zlp86z",32,32,
"cmoxnifd30003jr04zuvmov4k","cmoxnifd30001jr04xwc5utpi","cmn6uxom9005ll4044rvna997",60,60,
"cmoxnifd30004jr04q5w6rkif","cmoxnifd30001jr04xwc5utpi","cmn6uxos50073l404ktl7vy5f",60,60,
"cmoxnifd30005jr04wyw6u21d","cmoxnifd30001jr04xwc5utpi","cmn6uxoqc006nl404t2zlp86z",32,32,
"cmoxns7n00004l804zz7xeuou","cmoxns7n00002l804dxgd95w0","cmnh57v7z0021ii04v1ygmw8m",60,60,
"cmoxns7n00005l804tpy9s230","cmoxns7n00002l804dxgd95w0","cmn6uxos50073l404ktl7vy5f",60,60,
"cmoxnxhjl0004l104uk34brup","cmoxnxhjl0002l1045v26axdw","cmnh57uwr000zii04jxdbomov",90,90,
"cmoxnxhjl0005l104gtg0x847","cmoxnxhjl0002l1045v26axdw","cmnh57v7z0021ii04v1ygmw8m",90,90,
"cmoxnxhjl0006l104sc3bnffp","cmoxnxhjl0002l1045v26axdw","cmn6uxos50073l404ktl7vy5f",90,90,
"cmoxnxhjl0007l104j4o2pagg","cmoxnxhjl0002l1045v26axdw","cmnh57xam009uii04kms3op12",90,90,
"cmoxnzbxc0004jo042z3bon2a","cmoxnzbxc0002jo049m176zwp","cmnh57v7z0021ii04v1ygmw8m",90,90,
"cmoxnzbxc0005jo04tdjtozde","cmoxnzbxc0002jo049m176zwp","cmn6uxos50073l404ktl7vy5f",90,90,
"cmoxnzbxc0006jo04dci378c1","cmoxnzbxc0002jo049m176zwp","cmnh57xam009uii04kms3op12",90,90,
"cmoxoeivy0003jj04c8di3nc6","cmoxoeivy0001jj047gf399xb","cmn6uxoqc006nl404t2zlp86z",16,16,
"cmoxoeivy0004jj04nueum8d5","cmoxoeivy0001jj047gf399xb","cmn6uxos50073l404ktl7vy5f",30,30,
"cmoxoeivy0005jj04ewmith8p","cmoxoeivy0001jj047gf399xb","cmnh57v8d0023ii043k1ttzni",30,30,
"cmoxogzqu000kjj04mjvt8nk9","cmoxogzqu000ijj04dtaw5irl","cmn6uxohw004el404yr648ktq",90,90,
"cmoxogzqu000ljj04vlv7jlya","cmoxogzqu000ijj04dtaw5irl","cmnh57vtq004iii047vhl4tfv",180,180,
"cmoxogzqu000mjj044mcqw3gx","cmoxogzqu000ijj04dtaw5irl","cmnh57v8y0026ii048fopjkfd",120,120,
"cmoxogzqu000njj048f96zdjl","cmoxogzqu000ijj04dtaw5irl","cmn6uxoqc006nl404t2zlp86z",48,48,
"cmoxojbby001al804q8mtibex","cmoxojbby0018l804gn2g6g02","cmnh57vfx0030ii04pq8nnbid",60,60,
"cmoxojbby001bl804v5xlg8ct","cmoxojbby0018l804gn2g6g02","cmnh57vs4004eii040hxc490q",60,60,
"cmoxojbby001cl804gtyf5bxp","cmoxojbby0018l804gn2g6g02","cmn6uxos50073l404ktl7vy5f",60,60,
"cmoxp0ndc0004js04l54t7r7a","cmoxp0ndc0002js04hfweqwry","cmn6uxos50073l404ktl7vy5f",150,150,
"cmoxp0ndc0005js048ertl3cr","cmoxp0ndc0002js04hfweqwry","cmnh57uwo000yii04trw7k25d",180,180,
"cmoxp0ndc0006js04reytsyvh","cmoxp0ndc0002js04hfweqwry","cmn6uxoox006al404c5451wwx",500,500,
"cmoxp0ndc0007js04gouwxuiz","cmoxp0ndc0002js04hfweqwry","cmn6uxo72001sl404e5pb3oh3",30,30,
"cmoxpjjhg0003ju04yjmxli71","cmoxpjjhg0001ju046qyc49iz","cmnh57v5l001tii04p3vkkf9m",5,5,
"cmoxpjjhg0004ju04zq2h2ibz","cmoxpjjhg0001ju046qyc49iz","cmn6uxoyi008tl404qhxdtcna",8,8,
"cmoxtx0ww0003i6047r8mntkc","cmoxtx0ww0001i604kcnzh2gr","cmowpl0le0000l7043ie1dkgf",5,5,
"cmoy44oqj0003l504c31frvoa","cmoy44oqi0001l5048ex108pk","cmn6uxocr003al404uua0n5sw",350,401,"ml"
"cmoy44oqj0004l504e8grv0aa","cmoy44oqi0001l5048ex108pk","cmn6uxoyi008tl404qhxdtcna",250,250,"ml"
"cmoy44oqj0005l504hcgjl1o5","cmoy44oqi0001l5048ex108pk","cmnh57was006tii04hxq52eez",40,40,"gr"
"cmoy44oqj0006l504x0vxz7z1","cmoy44oqi0001l5048ex108pk","cmnh57wmq007oii04r02hg3xm",250,250,"ml"
"cmoy44oqj0007l5042bmcutho","cmoy44oqi0001l5048ex108pk","cmn6uxowg0088l40447uwraw0",500,500,"ml"
"cmoy44oqj0008l50425ba9w9z","cmoy44oqi0001l5048ex108pk","cmnh57vfx0030ii04pq8nnbid",1000,1000,"ml"
"cmoy44oqj0009l50452o8n4ca","cmoy44oqi0001l5048ex108pk","cmnh57vs4004eii040hxc490q",500,500,"ml"
"cmoy44oqj000al504eelbjn7o","cmoy44oqi0001l5048ex108pk","cmnh57xam009uii04kms3op12",600,600,"gr"
"cmoyqlcdw0003kz04n0t3pw6g","cmoyqlcdw0001kz0480jjil9y","cmnh57uz80013ii04ndixblbn",1,1,
"cmoz1es020004i804jb9rs0bw","cmoz1es020002i804i0jwoq04","cmnh57xam009uii04kms3op12",30,30,
"cmoz1es020005i80413kxblhv","cmoz1es020002i804i0jwoq04","cmn6uxos50073l404ktl7vy5f",30,30,
"cmoz1es020006i804574pd0yb","cmoz1es020002i804i0jwoq04","cmnh57wvq008iii04maewshwe",50,50,
"cmoz2ijj50004kz04kk958vwd","cmoz2ijj50002kz04mgpmsgvu","cmn6uxos50073l404ktl7vy5f",30,30,
"cmoz2ijj50005kz04zav04eyi","cmoz2ijj50002kz04mgpmsgvu","cmnh57xam009uii04kms3op12",30,30,
"cmoz2ijj50006kz04xiof7771","cmoz2ijj50002kz04mgpmsgvu","cmnh57wvq008iii04maewshwe",50,50,
"cmoz4hszj0004js04hfuizuh9","cmoz4hszj0002js04msevu3ea","cmnh57uwr000zii04jxdbomov",60,60,
"cmoz4hszj0005js0447yb3ox7","cmoz4hszj0002js04msevu3ea","cmn6uxos50073l404ktl7vy5f",90,90,
"cmoz4hszj0006js04s1epagca","cmoz4hszj0002js04msevu3ea","cmn6uxoox006al404c5451wwx",400,400,
"cmp0huey40003la04c4wcdavn","cmp0huey40001la04202ks2xg","cmnh57xae009sii04n7ume162",180,180,
"cmp0huey40004la04n5n9m7a8","cmp0huey40001la04202ks2xg","cmnh57v7z0021ii04v1ygmw8m",180,180,
"cmp0huey40005la04wmar7xjr","cmp0huey40001la04202ks2xg","cmn6uxos50073l404ktl7vy5f",180,180,
"cmp0huey40006la04ylnih4x1","cmp0huey40001la04202ks2xg","cmn6uxoqc006nl404t2zlp86z",64,64,
"cmp0jikx70006kz04dembsy0l","cmp0jikx70004kz049h8boq60","cmn6uxolu005hl404jxgk0691",80,80,
"cmp0jikx70007kz04164ly9wr","cmp0jikx70004kz049h8boq60","cmnh57xam009uii04kms3op12",60,60,
"cmp0jvec90003ky04o931swry","cmp0jvec90001ky0466szrrsm","cmn6uxoi0004fl404rc3xrewg",120,120,
"cmp0jvec90004ky042xvm7jwf","cmp0jvec90001ky0466szrrsm","cmn6uxoqc006nl404t2zlp86z",64,64,
"cmp0kg3v80004le04eph2mr9e","cmp0kg3v80002le045pertj0u","cmnh57uwr000zii04jxdbomov",45,45,
"cmp0kg3v80005le04myq3hlqh","cmp0kg3v80002le045pertj0u","cmnh57v7z0021ii04v1ygmw8m",90,90,
"cmp0kg3v80006le04pb4lg84b","cmp0kg3v80002le045pertj0u","cmn6uxos50073l404ktl7vy5f",90,90,
"cmp0kg3v80007le04jehhtly1","cmp0kg3v80002le045pertj0u","cmn6uxoqc006nl404t2zlp86z",45,45,
"cmp0kg3v80008le04ydf3f6q5","cmp0kg3v80002le045pertj0u","cmnh57xam009uii04kms3op12",60,60,
"cmp0lmedn0008jp04mjnwzra1","cmp0lmedn0006jp040biseyfk","cmn6uxo68001kl40463yw45cf",60,60,
"cmp0lmedn0009jp04hdhc551v","cmp0lmedn0006jp040biseyfk","cmnh57v7z0021ii04v1ygmw8m",60,60,
"cmp0lmedn000ajp04fyku4eox","cmp0lmedn0006jp040biseyfk","cmn6uxos50073l404ktl7vy5f",60,60,
"cmp0lmedn000bjp04npp4pge5","cmp0lmedn0006jp040biseyfk","cmn6uxoqc006nl404t2zlp86z",32,32,
"cmp0ml6f60008l704k280clfu","cmp0ml6f60006l7043kwm2ke9","cmn6uxo68001kl40463yw45cf",60,60,
"cmp0ml6f60009l704e9wv98ps","cmp0ml6f60006l7043kwm2ke9","cmnh57v7z0021ii04v1ygmw8m",60,60,
"cmp0ml6f6000al704qhnxmfkx","cmp0ml6f60006l7043kwm2ke9","cmn6uxos50073l404ktl7vy5f",60,60,
"cmp0ml6f6000bl704n5mtpfx5","cmp0ml6f60006l7043kwm2ke9","cmn6uxoqc006nl404t2zlp86z",32,32,
"cmp0ss3rx0008jm043is3y8fe","cmp0ss3rx0006jm04tnn23d8n","cmnh57vfx0030ii04pq8nnbid",30,30,
"cmp0ss3rx0009jm0450jmfrjr","cmp0ss3rx0006jm04tnn23d8n","cmn6uxos50073l404ktl7vy5f",30,30,
"cmp0ss3rx000ajm04dzog60xk","cmp0ss3rx0006jm04tnn23d8n","cmnh57vs4004eii040hxc490q",30,30,
"cmp0ss3rx000bjm0470l61bnz","cmp0ss3rx0006jm04tnn23d8n","cmn6uxonb005vl4043ajwxyld",30,30,
"cmp0vv5ky0003l504adtk9c5c","cmp0vv5ky0001l504n0g4s2kx","cmouxc5zv000yk104gxb8slec",5,5,
"cmp0x6gc10005jy04s2r0wx4e","cmp0x6gc10003jy04sxgbfi5p","cmnh57v7z0021ii04v1ygmw8m",1,1,
"cmp0x6gc10006jy046radujqh","cmp0x6gc10003jy04sxgbfi5p","cmnh57v3f001nii04jiigv6ie",2,2,
"cmp0x6gc10007jy04yay2tax5","cmp0x6gc10003jy04sxgbfi5p","cmnh57xam009uii04kms3op12",1,1,
"cmp0x6gc10008jy045qirxq3o","cmp0x6gc10003jy04sxgbfi5p","cmn6uxohw004el404yr648ktq",2,2,
"cmp0x83eb0003jv040awz5tc9","cmp0x83eb0001jv048g6k6s54","cmouxc5zv000yk104gxb8slec",1,1,
"cmp0yzoks0003ky04wi6o4pmm","cmp0yzokq0001ky04xi2lwe0y","cmnh57v7z0021ii04v1ygmw8m",2,2,
"cmp0yzoks0004ky04f4622m89","cmp0yzokq0001ky04xi2lwe0y","cmnh57v3f001nii04jiigv6ie",2,2,
"cmp0yzoks0005ky04lvfrhqyc","cmp0yzokq0001ky04xi2lwe0y","cmnh57xam009uii04kms3op12",1,1,
"cmp0yzoks0006ky04ufiaqa8y","cmp0yzokq0001ky04xi2lwe0y","cmnh57v7p0020ii04zqg6d80s",2,2,
"cmp0yzoks0007ky047ogeqb4n","cmp0yzokq0001ky04xi2lwe0y","cmn6uxojz004zl404ieofic0p",1,1,
"cmp0yzoks0008ky043rp8n5r5","cmp0yzokq0001ky04xi2lwe0y","cmnh57xd000acii0438l3btq3",1,1,
"cmp0z0nrc000eky04n0dl86ie","cmp0z0nrc000cky04tdfvb792","cmouxc5zv000yk104gxb8slec",1,1,
"cmp1xo27h0004js0490exampi","cmp1xo27g0002js04kae7bglv","cmnh57v7z0021ii04v1ygmw8m",60,60,
"cmp1xo27h0005js04l44xjmxq","cmp1xo27g0002js04kae7bglv","cmn6uxos50073l404ktl7vy5f",60,60,
"cmp1xo27h0006js04i2gp4zg9","cmp1xo27g0002js04kae7bglv","cmn6uxohw004el404yr648ktq",80,80,
"cmp1y3kpi000ijl04y3r57be1","cmp1y3kpi000gjl04r7v12cy3","cmn6uxol9005bl404wqby9sr2",200,200,
"cmp1y3kpi000jjl04sgzqxw9n","cmp1y3kpi000gjl04r7v12cy3","cmn6uxolu005hl404jxgk0691",30,30,
"cmp1ydbca000vjl04dpaq9vxf","cmp1ydbca000tjl04qx6bxblf","cmnh57wmq007oii04r02hg3xm",64,64,
"cmp1ydbca000wjl04j8zcque5","cmp1ydbca000tjl04qx6bxblf","cmn6uxoqc006nl404t2zlp86z",64,64,
"cmp1z6bky0003l704sbzzpn6t","cmp1z6bky0001l7049z5milze","cmouxc5zv000yk104gxb8slec",1,1,
"cmp1zcpb80003l504rrq3nzj2","cmp1zcpb80001l504teu5ltmq","cmowpl0le0000l7043ie1dkgf",1,1,
"cmp1zr5sy0003jv04v78lwx44","cmp1zr5sx0001jv04xvtkfrr6","cmn6uxocr003al404uua0n5sw",1,1,
"cmp2f0ndz0004kw04vbtf7111","cmp2f0ndz0002kw04ps25rx2t","cmnh57vtq004iii047vhl4tfv",180,180,
"cmp2f0ndz0005kw0450jyp0bv","cmp2f0ndz0002kw04ps25rx2t","cmn6uxos50073l404ktl7vy5f",90,90,
"cmp2f0ndz0006kw04wk624w7b","cmp2f0ndz0002kw04ps25rx2t","cmn6uxoqc006nl404t2zlp86z",24,24,
"cmp2f0ndz0007kw04qe0q2w87","cmp2f0ndz0002kw04ps25rx2t","cmn6uxoza0091l404q2kic93u",45,45,
"cmp2g1izn0003jp04jafcxje4","cmp2g1izn0001jp04m3l1uttm","cmn6uxojz004zl404ieofic0p",1000,1000,"ml"
"cmp2g0fq1001xju04jk2xz2wv","cmp2g0fq1001vju04i9b68t91","cmn6uxoqc006nl404t2zlp86z",400,400,"ml"
"cmp2g2ph8000djp04to07lhkn","cmp2g2ph8000bjp04nwj502f0","cmnh57xam009uii04kms3op12",800,800,"gr"
"cmp3adh9t0003l204r40j5c71","cmp3adh9t0001l204aj8mpkz1","cmnh57v8d0023ii043k1ttzni",60,60,
"cmp3adh9t0004l204ae8ne3uy","cmp3adh9t0001l204aj8mpkz1","cmnh57xam009uii04kms3op12",60,60,
"cmp3adh9t0005l204jsm41sdf","cmp3adh9t0001l204aj8mpkz1","cmn6uxoqc006nl404t2zlp86z",32,32,
"cmp3adh9t0006l204mvhp0lm1","cmp3adh9t0001l204aj8mpkz1","cmn6uxos50073l404ktl7vy5f",60,60,
"cmp3bdij80005l804qj9lw6ax","cmp3bdij80003l80409781k7q","cmnh57v7z0021ii04v1ygmw8m",150,150,
"cmp3bdij80006l804y4vpclac","cmp3bdij80003l80409781k7q","cmn6uxos50073l404ktl7vy5f",150,150,
"cmp3bdij80007l804f793szak","cmp3bdij80003l80409781k7q","cmnh57xam009uii04kms3op12",150,150,
"cmp3bdij80008l804hrm323m2","cmp3bdij80003l80409781k7q","cmn6uxoqc006nl404t2zlp86z",80,80,
"cmp3cw5vt0003i504swk45kv5","cmp3cw5vt0001i504u6aondvy","cmn6uxocr003al404uua0n5sw",2000,2000,"ml"
"cmp3cw5vt0004i504dd5d00hp","cmp3cw5vt0001i504u6aondvy","cmnh57xam009uii04kms3op12",2000,800,"gr"
"cmp3dex06000jju040be4cemb","cmp3dex06000hju04nybujk60","cmnh57v7z0021ii04v1ygmw8m",60,60,
"cmp3dex06000kju04mexpxba8","cmp3dex06000hju04nybujk60","cmn6uxos50073l404ktl7vy5f",60,60,
"cmp3du1yg0003jr0427lxzr19","cmp3du1yg0001jr048j5n1knf","cmnh57vfx0030ii04pq8nnbid",60,60,
"cmp3du1yg0004jr04p0thhq3t","cmp3du1yg0001jr048j5n1knf","cmn6uxoqc006nl404t2zlp86z",60,60,
"cmp3du1yg0005jr04m912nvfa","cmp3du1yg0001jr048j5n1knf","cmn6uxoi0004fl404rc3xrewg",75,75,
"cmp3du1yg0006jr04h3qh16ue","cmp3du1yg0001jr048j5n1knf","cmnh57vda002qii042o9xwrda",150,150,
"cmp3e7kct000njr04k1l78qqb","cmp3e7kct000ljr049fj37fe2","cmn6uxocr003al404uua0n5sw",2,2,
"cmp3e7kct000ojr045412plix","cmp3e7kct000ljr049fj37fe2","cmn6uxope006el4042tfxjgry",10,10,
"cmp3evbm50008l4048o4t5nqo","cmp3evbm40006l404gckm54o3","cmnh57v7z0021ii04v1ygmw8m",90,90,
"cmp3evbm50009l4042vm1aec8","cmp3evbm40006l404gckm54o3","cmn6uxos50073l404ktl7vy5f",90,90,
"cmp3evbm5000al404cs2m6ecl","cmp3evbm40006l404gckm54o3","cmnh57xam009uii04kms3op12",90,90,
"cmp3evbm5000bl4048krcz3kb","cmp3evbm40006l404gckm54o3","cmn6uxoqc006nl404t2zlp86z",48,48,
"cmp3f04si0008l80437qrzvre","cmp3f04si0006l804w1vhh7ox","cmnh57v7z0021ii04v1ygmw8m",90,90,
"cmp3f04si0009l804z8vtbgwz","cmp3f04si0006l804w1vhh7ox","cmn6uxos50073l404ktl7vy5f",90,90,
"cmp3f04si000al804dmjdzwr7","cmp3f04si0006l804w1vhh7ox","cmnh57xam009uii04kms3op12",90,90,
"cmp3f8pli0007i704vthihe0v","cmp3f8plh0005i704bt85qswe","cmnh57v7z0021ii04v1ygmw8m",30,30,
"cmp3f8pli0008i704id9gyzhn","cmp3f8plh0005i704bt85qswe","cmn6uxos50073l404ktl7vy5f",40,40,
"cmp3gk8zy000al404n5uglaxh","cmp3gk8zy0008l4041o7nqkfj","cmnh57v7z0021ii04v1ygmw8m",60,60,
"cmp3gk8zy000bl40488s8b0yv","cmp3gk8zy0008l4041o7nqkfj","cmn6uxos50073l404ktl7vy5f",80,80,
"cmp3qj76a0003jm04bipdx4iz","cmp3qj7690001jm04fy5wamx9","cmn6uxowg0088l40447uwraw0",500,500,"ml"
"cmp3sc2kd000fl9042xx7pyl0","cmp3sc2kd000dl90473e0tsvx","cmnh57v8y0026ii048fopjkfd",500,500,"ml"
"cmp3sc2kd000gl904no1rq85v","cmp3sc2kd000dl90473e0tsvx","cmn6uxoqc006nl404t2zlp86z",500,500,"ml"
"cmp3xj22v0003jp04kuusoivp","cmp3xj22v0001jp04bbxzeht0","cmn6uxo6c001ll404cud1fces",30,30,
"cmp3xj22v0004jp04eylqfs4f","cmp3xj22v0001jp04bbxzeht0","cmn6uxoqc006nl404t2zlp86z",16,16,
"cmp3xmc2h0003l504yx44lcxg","cmp3xmc2h0001l504grtgjkmu","cmn6uxo6c001ll404cud1fces",30,30,
"cmp3xmc2h0004l504jzed68w4","cmp3xmc2h0001l504grtgjkmu","cmn6uxoqc006nl404t2zlp86z",16,16,
"cmp3xnpra0003kt04gms6c8da","cmp3xnpra0001kt04wfbxnqjm","cmn6uxoqc006nl404t2zlp86z",32,32,
"cmp3xnpra0004kt04ysn7d84g","cmp3xnpra0001kt04wfbxnqjm","cmn6uxo6c001ll404cud1fces",60,60,
"cmp3xpit5000ikt048jmm7gwi","cmp3xpit5000gkt04oei1zpsc","cmn6uxoqc006nl404t2zlp86z",32,32,
"cmp3xpit5000jkt04nh1bu5m8","cmp3xpit5000gkt04oei1zpsc","cmnh57v7z0021ii04v1ygmw8m",60,60,
"cmp3xpit5000kkt048ll2wfnn","cmp3xpit5000gkt04oei1zpsc","cmn6uxos50073l404ktl7vy5f",60,60,
"cmp3xpit5000lkt04qmfq2lvm","cmp3xpit5000gkt04oei1zpsc","cmnh57xam009uii04kms3op12",60,60,
"cmp4rkpfc0004jp041vryz98r","cmp4rkpfc0002jp04j2d2dbqq","cmnh57vfx0030ii04pq8nnbid",15,15,
"cmp4rkpfc0005jp04rm4m4wt0","cmp4rkpfc0002jp04j2d2dbqq","cmn6uxos50073l404ktl7vy5f",15,15,
"cmp4rkpfc0006jp04hmm7t5zm","cmp4rkpfc0002jp04j2d2dbqq","cmnh57xam009uii04kms3op12",15,15,
"cmp4s9ji30003l504be60kv93","cmp4s9ji30001l504ao7vjyan","cmnh57wmq007oii04r02hg3xm",32,32,
"cmp4s9ji30004l5040kgjqsn2","cmp4s9ji30001l504ao7vjyan","cmn6uxoqc006nl404t2zlp86z",32,32,
"cmp4uxnpt0004kz04imtyrdi2","cmp4uxnpt0002kz048yvg0t92","cmnh57v890022ii041zh0i3kc",60,60,
"cmp4uxnpt0005kz04l4op7n7r","cmp4uxnpt0002kz048yvg0t92","cmnh57vat002iii04tmhled2o",60,60,
"cmp4uxnpt0006kz04n5ys0t6f","cmp4uxnpt0002kz048yvg0t92","cmnh57vs4004eii040hxc490q",60,60,
"cmp4v40780006ky04tpw9vdyd","cmp4v40780004ky04p4yihizk","cmnh57v890022ii041zh0i3kc",60,60,
"cmp4v40780007ky042z95dvo4","cmp4v40780004ky04p4yihizk","cmn6uxos50073l404ktl7vy5f",120,120,
"cmp4v40780008ky04a318ota8","cmp4v40780004ky04p4yihizk","cmnh57vs4004eii040hxc490q",60,60,
"cmp4v6d3y000nky04flho7n4v","cmp4v6d3y000lky04i4xu8qf4","cmn6uxo510019l404db2jw3c6",30,30,
"cmp4v6d3y000oky0415177bo0","cmp4v6d3y000lky04i4xu8qf4","cmnh57vfx0030ii04pq8nnbid",30,30,
"cmp4w1rdi0004l704cpj5zzws","cmp4w1rdi0002l70482g6eliu","cmnh57vtq004iii047vhl4tfv",120,120,
"cmp4w1rdi0005l704lgo96yrc","cmp4w1rdi0002l70482g6eliu","cmn6uxos50073l404ktl7vy5f",60,60,
"cmp4x3bzq0004l104l80yzvlh","cmp4x3bzq0002l104qbs4y3ga","cmnh57vda002qii042o9xwrda",150,150,
"cmp4x3bzq0005l104ritxsnfh","cmp4x3bzq0002l104qbs4y3ga","cmn6uxoqc006nl404t2zlp86z",80,80,
"cmp51zc4s0003l70400lnbttu","cmp51zc4s0001l7047y599lth","cmn6uxohw004el404yr648ktq",500,,"gr"
"cmp68xtio000ejv045428e638","cmp68xtio000cjv04xl5b9irf","cmnh57vax002jii0417lyweva",2,2,
"cmp68xtio000fjv04i4p63ppv","cmp68xtio000cjv04xl5b9irf","cmn6uxoyw008xl404k5tyil5v",3,3,
"cmp695gsu0004js04sqq6lkxu","cmp695gsu0002js04rwowzqkn","cmn6uxowg0088l40447uwraw0",16,16,
"cmp695gsu0005js04hsvmntxr","cmp695gsu0002js04rwowzqkn","cmn6uxoqc006nl404t2zlp86z",16,16,
"cmp6pmsrz0003l40490nx81yv","cmp6pmsrz0001l404akgzp3uo","cmnh57vtq004iii047vhl4tfv",180,180,
"cmp6pmsrz0004l4047k8d0k3h","cmp6pmsrz0001l404akgzp3uo","cmn6uxos50073l404ktl7vy5f",90,90,
"cmp6pmsrz0005l404t2gt4ffo","cmp6pmsrz0001l404akgzp3uo","cmn6uxoqc006nl404t2zlp86z",24,24,
"cmp7k4vkg0004ky04jkcu3ofj","cmp7k4vkg0002ky040pu5m4ch","cmn6uxohw004el404yr648ktq",150,150,
"cmp7k4vkg0005ky04c7caqc26","cmp7k4vkg0002ky040pu5m4ch","cmn6uxoqc006nl404t2zlp86z",80,80,
"cmp7myhcn0004jr045kft461o","cmp7myhcn0002jr04rluv9b71","cmnh57v7z0021ii04v1ygmw8m",90,90,
"cmp7myhcn0005jr047ifpmqa6","cmp7myhcn0002jr04rluv9b71","cmn6uxos50073l404ktl7vy5f",90,90,
"cmp7myhcn0006jr04fsyoqh3t","cmp7myhcn0002jr04rluv9b71","cmn6uxoqc006nl404t2zlp86z",24,24,
"cmp7ouy1a0004ia044qbjqlx7","cmp7ouy190002ia04c5fgfij3","cmnh57v7z0021ii04v1ygmw8m",60,60,
"cmp7ouy1a0005ia044fear0vq","cmp7ouy190002ia04c5fgfij3","cmn6uxos50073l404ktl7vy5f",60,60,
"cmp7ouy1a0006ia04kjnkbhgt","cmp7ouy190002ia04c5fgfij3","cmn6uxoqc006nl404t2zlp86z",16,16,
"cmp7prv570003jx04u39kpkb4","cmp7prv570001jx0422ihunkz","cmnh57xam009uii04kms3op12",600,,"gr"
"cmp7prv570004jx04dqthn7kc","cmp7prv570001jx0422ihunkz","cmouwn7qg000djr04oxs8tq15",500,,"ml"
"cmp7rwsri0004i804d753syql","cmp7rwsri0002i804rsjvofo9","cmnh57v7z0021ii04v1ygmw8m",90,90,
"cmp7rwsri0005i8042iswcxuf","cmp7rwsri0002i804rsjvofo9","cmnh57v8y0026ii048fopjkfd",90,90,
"cmp7rwsri0006i804y5qicred","cmp7rwsri0002i804rsjvofo9","cmnh57xam009uii04kms3op12",90,90,
"cmp7rwsri0007i8040r4fl6au","cmp7rwsri0002i804rsjvofo9","cmn6uxoqc006nl404t2zlp86z",48,48,
"cmp7ry71c0004i804z2erj37v","cmp7ry71c0002i804oj8w4byt","cmnh57v7z0021ii04v1ygmw8m",60,60,
"cmp7ry71c0005i804gt87c415","cmp7ry71c0002i804oj8w4byt","cmnh57v3f001nii04jiigv6ie",60,60,
"cmp7ry71c0006i804zlxx4fgq","cmp7ry71c0002i804oj8w4byt","cmn6uxoqc006nl404t2zlp86z",32,32,
"cmp7ry71c0007i804woefg12v","cmp7ry71c0002i804oj8w4byt","cmn6uxolu005hl404jxgk0691",60,60,
"cmp7ry71c0008i8048js4juac","cmp7ry71c0002i804oj8w4byt","cmnh57xam009uii04kms3op12",60,60,
"cmp7snje10005le04u7jlnfsl","cmp7snje10003le04z8pirmz1","cmn6uxoqc006nl404t2zlp86z",32,32,
"cmp7snje10006le04gyzx35yd","cmp7snje10003le04z8pirmz1","cmnh57v3f001nii04jiigv6ie",90,90,
"cmp7snje10007le04huk5opje","cmp7snje10003le04z8pirmz1","cmnh57xam009uii04kms3op12",60,60,
"cmp7snje10008le04axd4agvq","cmp7snje10003le04z8pirmz1","cmn6uxolu005hl404jxgk0691",60,60,
"cmp7snje10009le041f7cobxn","cmp7snje10003le04z8pirmz1","cmnh57v7z0021ii04v1ygmw8m",60,60,
"cmp7tlpfi0003ky04yfxyynql","cmp7tlpfi0001ky04vsk0z7tw","cmn6uxolu005hl404jxgk0691",1000,,"ml"
"cmp7tlpfi0004ky04e3nb8fzq","cmp7tlpfi0001ky04vsk0z7tw","cmn6uxocr003al404uua0n5sw",1000,,"ml"
"cmp7tsdnv0003l2046a6gfie0","cmp7tsdnv0001l204o8zqr9en","cmn6uxowg0088l40447uwraw0",500,,"ml"
"cmp7tlyap0003l404tgell9ac","cmp7tlyap0001l404mdqjofcs","cmnh57v7z0021ii04v1ygmw8m",1000,1000,"ml"
"cmp7tlyap0004l404niwr4iyu","cmp7tlyap0001l404mdqjofcs","cmnh57xam009uii04kms3op12",800,800,"gr"
"cmp8dzcg50003l5045bzbospj","cmp8dzcg40001l504wq7qi780","cmnh57v7z0021ii04v1ygmw8m",1000,,"ml"
"cmp8dzcg60004l504taottye5","cmp8dzcg40001l504wq7qi780","cmnh57xam009uii04kms3op12",600,,"gr"
"cmp8dzcg60005l5045gs1nyjl","cmp8dzcg40001l504wq7qi780","cmnh57wbu006xii04pq0vou5c",500,,"ml"
"cmp90vpgx0004kz0431c0up1u","cmp90vpgx0002kz047siaivq8","cmnh57v7z0021ii04v1ygmw8m",30,30,
"cmp90vpgx0005kz04ub1frs84","cmp90vpgx0002kz047siaivq8","cmn6uxoqc006nl404t2zlp86z",16,16,
"cmp90vpgx0006kz04b5o77im2","cmp90vpgx0002kz047siaivq8","cmnh57v3f001nii04jiigv6ie",30,30,
"cmp90vpgx0007kz04h9nkhub9","cmp90vpgx0002kz047siaivq8","cmn6uxohw004el404yr648ktq",40,40,
"cmp90wgvv000rkz04f5xtmljj","cmp90wgvu000pkz04jmap114o","cmn6uxohw004el404yr648ktq",500,,"gr"
"cmp912kdv0004l104l91m7xjc","cmp912kdv0002l104nk73b2hb","cmn6uxohw004el404yr648ktq",80,80,
"cmp912kdv0005l104yan2501c","cmp912kdv0002l104nk73b2hb","cmn6uxoqc006nl404t2zlp86z",64,64,
"cmp912kdv0006l104f0gx32kz","cmp912kdv0002l104nk73b2hb","cmnh57v7z0021ii04v1ygmw8m",120,120,
"cmp912kdv0007l1041iay63yz","cmp912kdv0002l104nk73b2hb","cmnh57v3f001nii04jiigv6ie",120,120,
"cmp93fjlo0004kw04okn5e6ja","cmp93fjlo0002kw04ml2rwxks","cmn6uxohw004el404yr648ktq",60,60,
"cmp93fjlo0005kw046mcdvgdh","cmp93fjlo0002kw04ml2rwxks","cmnh57v7z0021ii04v1ygmw8m",60,60,
"cmp93fjlo0006kw04ahmxikfg","cmp93fjlo0002kw04ml2rwxks","cmnh57v3f001nii04jiigv6ie",60,60,
"cmp93fjlo0007kw048akxcoex","cmp93fjlo0002kw04ml2rwxks","cmn6uxoqc006nl404t2zlp86z",32,32,
"cmp93lvxr000rkw04iu4w7002","cmp93lvxr000pkw047s8z24ju","cmn6uxohw004el404yr648ktq",60,60,
"cmp93lvxr000skw04e37n2v7u","cmp93lvxr000pkw047s8z24ju","cmnh57v7z0021ii04v1ygmw8m",60,60,
"cmp93lvxr000tkw04hw2t7wwp","cmp93lvxr000pkw047s8z24ju","cmnh57v3f001nii04jiigv6ie",60,60,
"cmp93lvxr000ukw041zi69hpp","cmp93lvxr000pkw047s8z24ju","cmn6uxoqc006nl404t2zlp86z",32,32,
"cmp93qjfm001fkw04elan7ruw","cmp93qjfm001dkw04vlue3zlu","cmn6uxohw004el404yr648ktq",60,60,
"cmp93qjfm001gkw04atdhj4uh","cmp93qjfm001dkw04vlue3zlu","cmnh57v7z0021ii04v1ygmw8m",60,60,
"cmp93qjfm001hkw04ax2jg8cq","cmp93qjfm001dkw04vlue3zlu","cmnh57v3f001nii04jiigv6ie",60,60,
"cmp93qjfm001ikw04abobx54u","cmp93qjfm001dkw04vlue3zlu","cmn6uxoqc006nl404t2zlp86z",32,32,
"cmp93xj9n000gjl04ispqgi5b","cmp93xj9n000ejl04azcdmpd5","cmn6uxohw004el404yr648ktq",60,60,
"cmp93xj9n000hjl04upc7dyem","cmp93xj9n000ejl04azcdmpd5","cmnh57v7z0021ii04v1ygmw8m",60,60,
"cmp93xj9n000ijl04khwp9y3k","cmp93xj9n000ejl04azcdmpd5","cmnh57v3f001nii04jiigv6ie",60,60,
"cmp93xj9n000jjl04gdt3h7dv","cmp93xj9n000ejl04azcdmpd5","cmn6uxoqc006nl404t2zlp86z",32,32,
"cmp946d9w0004l5047rkrc5sl","cmp946d9w0002l504yvbr1mv9","cmn6uxohw004el404yr648ktq",60,60,
"cmp946d9w0005l504p2ufwxcu","cmp946d9w0002l504yvbr1mv9","cmnh57v7z0021ii04v1ygmw8m",60,60,
"cmp946d9w0006l5047zcqtoni","cmp946d9w0002l504yvbr1mv9","cmnh57v3f001nii04jiigv6ie",60,60,
"cmp946d9w0007l504yjcfawe0","cmp946d9w0002l504yvbr1mv9","cmn6uxoqc006nl404t2zlp86z",32,32,
"cmp94k3om0003kz04oor6z8rd","cmp94k3ol0001kz04v2qsis73","cmn6uxohw004el404yr648ktq",60,60,
"cmp94k3om0004kz04dwrcxqzp","cmp94k3ol0001kz04v2qsis73","cmnh57v7z0021ii04v1ygmw8m",60,60,
"cmp94k3om0005kz04euzbdqnb","cmp94k3ol0001kz04v2qsis73","cmnh57v3f001nii04jiigv6ie",60,60,
"cmp94k3om0006kz04fts2ykhn","cmp94k3ol0001kz04v2qsis73","cmn6uxoqc006nl404t2zlp86z",32,32,
"cmp94pa1c0004jr04t88wzcrs","cmp94pa1b0002jr04hbr0wyj2","cmn6uxohw004el404yr648ktq",60,60,
"cmp94pa1c0005jr04yw92a5oj","cmp94pa1b0002jr04hbr0wyj2","cmnh57v7z0021ii04v1ygmw8m",60,60,
"cmp94pa1c0006jr04qp3zx0nu","cmp94pa1b0002jr04hbr0wyj2","cmnh57v3f001nii04jiigv6ie",60,60,
"cmp94pa1c0007jr04u0yf5v8u","cmp94pa1b0002jr04hbr0wyj2","cmn6uxoqc006nl404t2zlp86z",32,32,
"cmp94w5x5000tjr04k76jl1tk","cmp94w5x5000rjr04ybicbn53","cmn6uxoqc006nl404t2zlp86z",64,64,
"cmp94w5x5000ujr0497xekfgr","cmp94w5x5000rjr04ybicbn53","cmnh57vfx0030ii04pq8nnbid",200,200,
"cmp94w5x5000vjr04voh6zyyh","cmp94w5x5000rjr04ybicbn53","cmnh57v3f001nii04jiigv6ie",90,90,
"cmp94w5x5000wjr04pwbqgzy4","cmp94w5x5000rjr04ybicbn53","cmn6uxos50073l404ktl7vy5f",30,30,
"cmp94w5x5000xjr04bet3ccwi","cmp94w5x5000rjr04ybicbn53","cmn6uxohw004el404yr648ktq",120,120,
"cmp94w5x5000yjr04h6raxoz1","cmp94w5x5000rjr04ybicbn53","cmnh57xam009uii04kms3op12",30,30,
"cmp95d9aq0004l80496nxdtve","cmp95d9aq0002l8040iqw326g","cmn6uxoqc006nl404t2zlp86z",64,64,
"cmp95d9aq0005l804z6wn9y1h","cmp95d9aq0002l8040iqw326g","cmn6uxokq0056l404iytjmhz1",120,120,
"cmp973r6z0003la04k8ykf54g","cmp973r6z0001la04pd5yp2wh","cmn6uxoqc006nl404t2zlp86z",64,64,
"cmp973r6z0004la04z6hv5eyz","cmp973r6z0001la04pd5yp2wh","cmn6uxokq0056l404iytjmhz1",120,120,
"cmp973r6z0005la04o3oj2tel","cmp973r6z0001la04pd5yp2wh","cmn6uxos50073l404ktl7vy5f",120,120,
"cmpagephj0006l204clwqjvp6","cmpagephj0004l20451dm2k9a","cmnh57v8d0023ii043k1ttzni",60,60,
"cmpagephj0007l204vsu07b23","cmpagephj0004l20451dm2k9a","cmnh57v8y0026ii048fopjkfd",60,60,
"cmpagephj0008l204mq5tvjh4","cmpagephj0004l20451dm2k9a","cmn6uxolu005hl404jxgk0691",60,60,
"cmpagiads000ll204tyiaxhrb","cmpagiads000jl2042phbfiui","cmnh57v8d0023ii043k1ttzni",30,30,
"cmpagiads000ml2044615hkj8","cmpagiads000jl2042phbfiui","cmnh57vtq004iii047vhl4tfv",30,30,
"cmpagiads000nl204q6invd6s","cmpagiads000jl2042phbfiui","cmnh57v8y0026ii048fopjkfd",60,60,
"cmpagiads000ol204s4rvk319","cmpagiads000jl2042phbfiui","cmn6uxohw004el404yr648ktq",80,80,
"cmpah9a1f0003l70436b74sdx","cmpah9a1f0001l704q2tyqla6","cmnh57wzx008rii045ig4zcrn",45,45,
"cmpah9a1f0004l704n2flltvp","cmpah9a1f0001l704q2tyqla6","cmn6uxoqc006nl404t2zlp86z",48,48,
"cmpal53m70003ld0462hv40oh","cmpal53m60001ld04lk8b5fu4","cmnh57v7z0021ii04v1ygmw8m",150,150,
"cmpal53m70004ld04z8ra2c5p","cmpal53m60001ld04lk8b5fu4","cmnh57v8y0026ii048fopjkfd",150,150,
"cmpal53m70005ld04vg496ogf","cmpal53m60001ld04lk8b5fu4","cmnh57xam009uii04kms3op12",150,150,
"cmpal53m70006ld04lwbfx7nw","cmpal53m60001ld04lk8b5fu4","cmn6uxoqc006nl404t2zlp86z",80,80,
"cmpalgsea0006l404jlp4sgua","cmpalgsea0004l404kmr1g85l","cmnh57v7z0021ii04v1ygmw8m",30,30,
"cmpalgsea0007l404z4dlpx37","cmpalgsea0004l404kmr1g85l","cmnh57wln007lii04i9v5xst4",30,30,
"cmpambscg0011ld048trmx5tj","cmpambscf000zld04ffkdoy9i","cmnh57wmq007oii04r02hg3xm",32,32,
"cmpambscg0012ld040tsc6fem","cmpambscf000zld04ffkdoy9i","cmn6uxoqc006nl404t2zlp86z",32,32,
"cmpamh7os0004js04xcsulom1","cmpamh7os0002js043jzpws7i","cmnh57v7z0021ii04v1ygmw8m",30,30,
"cmpamh7os0005js04v4vqhu4h","cmpamh7os0002js043jzpws7i","cmnh57wln007lii04i9v5xst4",30,30,
"cmpawq19z0004l404naniavoo","cmpawq19y0002l40445442z8m","cmnh57v7z0021ii04v1ygmw8m",30,30,
"cmpawq19z0005l40412tc8pvc","cmpawq19y0002l40445442z8m","cmn6uxos50073l404ktl7vy5f",30,30,
"cmpax549o0004k104uupgb522","cmpax549o0002k1041k8sb1df","cmnh57v7z0021ii04v1ygmw8m",30,30,
"cmpax549o0005k104jjdyngpo","cmpax549o0002k1041k8sb1df","cmn6uxos50073l404ktl7vy5f",30,30,
"cmpb3mpad0003l5048l2bzn35","cmpb3mpac0001l504lwgo8p2d","cmnh57v7z0021ii04v1ygmw8m",1000,,"ml"
"cmpb3mpad0004l504v59lfbhw","cmpb3mpac0001l504lwgo8p2d","cmnh57v3f001nii04jiigv6ie",1000,,"ml"
"cmpb3mpad0005l504k21ak2ii","cmpb3mpac0001l504lwgo8p2d","cmn6uxohw004el404yr648ktq",1000,,"gr"
"cmpb3mpad0006l5044590xgzp","cmpb3mpac0001l504lwgo8p2d","cmouxc5zv000yk104gxb8slec",1000,,"ml"
