"id","spotDemplotId","productId","usage","usedFarmerProduct"
"cmofnx7il0003k1040n9502nl","cmofnx7ic0001k104pys93pxz","cmnh57xa6009rii04bqom4dvi",1,"f"
"cmofnx7iz0007k1040yyw8nn2","cmofnx7iw0005k104ebtu1awe","cmnh57xa6009rii04bqom4dvi",1,"f"
"cmofnx9r30087k1047m2h67sg","cmofnx9r00085k104yuogcjey","cmnh57xa6009rii04bqom4dvi",1,"f"
"cmofnx9r8008bk104ehtpea21","cmofnx9r60089k104i7qciiez","cmnh57xa6009rii04bqom4dvi",1,"f"
"cmofnx9rj008jk104sd8hev7p","cmofnx9rg008hk104os8f2iy8","cmnh57v9d0029ii04fg0vf91n",1,"f"
"cmofnx9rq008nk104n4pneghf","cmofnx9rn008lk104yo2tam5g","cmnh57v9d0029ii04fg0vf91n",1,"f"
"cmofnx9rv008rk104vf8jx6zj","cmofnx9rs008pk104mxry4pyg","cmnh57v9d0029ii04fg0vf91n",1,"f"
"cmofnx9s0008vk104qa7t7txm","cmofnx9rx008tk104vstur5od","cmnh57v9d0029ii04fg0vf91n",1,"f"
"cmofnx9s5008zk1044y2mn2xh","cmofnx9s2008xk104hfi881mc","cmnh57v9d0029ii04fg0vf91n",1,"f"
"cmofnx9s90093k104btjsixjl","cmofnx9s70091k104o11zxxnk","cmnh57v9d0029ii04fg0vf91n",1,"f"
"cmofnx9sf0097k104q3yyg2yp","cmofnx9sc0095k104v87vvl4o","cmnh57v9d0029ii04fg0vf91n",1,"f"
"cmofnx9sk009bk104o90nhydx","cmofnx9si0099k104kc35h587","cmnh57v9d0029ii04fg0vf91n",1,"f"
"cmofnxa1j009fk104hzdf34md","cmofnxa1g009dk104t0r6f8fx","cmnh57v9d0029ii04fg0vf91n",1,"f"
"cmofnxa1p009jk104q1yzxd6x","cmofnxa1m009hk104h0n9a06q","cmnh57v9d0029ii04fg0vf91n",1,"f"
"cmofnxa1u009nk104sg2mp1ta","cmofnxa1s009lk1043ttpsx0q","cmnh57v9d0029ii04fg0vf91n",1,"f"
"cmofnxa1z009rk104cpggx083","cmofnxa1x009pk1042ich7b41","cmnh57xa6009rii04bqom4dvi",1,"f"
"cmofnxa25009vk1043jz760je","cmofnxa22009tk104zzpyw48j","cmnh57v9d0029ii04fg0vf91n",1,"f"
"cmofnxa2a009zk104v2qaqnfd","cmofnxa27009xk1048si6c74z","cmnh57v9d0029ii04fg0vf91n",1,"f"
"cmofnxa2f00a3k1043i5hgqch","cmofnxa2c00a1k104ehquktkf","cmnh57v9d0029ii04fg0vf91n",1,"f"
"cmofnxa2j00a7k1040txcntdo","cmofnxa2h00a5k1045g18eoe1","cmnh57v9d0029ii04fg0vf91n",1,"f"
"cmofnxa2o00abk104g5aivvyq","cmofnxa2m00a9k104qu7pdjc3","cmnh57v9d0029ii04fg0vf91n",1,"f"
"cmofnxa2t00afk104i4e68xfd","cmofnxa2r00adk104bpkkemji","cmnh57xa6009rii04bqom4dvi",1,"f"
"cmofnxa2z00ajk104e22y45pl","cmofnxa2w00ahk104slopeod6","cmnh57xa6009rii04bqom4dvi",1,"f"
"cmofnxa3400ank1040bcj78rw","cmofnxa3100alk104bupwon0b","cmnh57v9d0029ii04fg0vf91n",1,"f"
"cmofnxa3900ark104uzsyj13u","cmofnxa3700apk104nyepyryc","cmnh57v9d0029ii04fg0vf91n",1,"f"
"cmofnxa3f00avk10469pyi8w4","cmofnxa3c00atk1043ct6vgym","cmnh57v9d0029ii04fg0vf91n",1,"f"
"cmofnxa3l00azk104j6gpn41o","cmofnxa3i00axk104smwbpx60","cmnh57v9d0029ii04fg0vf91n",1,"f"
"cmofnxa3p00b3k104jq0srh7x","cmofnxa3n00b1k104str1vqth","cmnh57v9d0029ii04fg0vf91n",1,"f"
"cmofnxa3v00b7k104qhu1zynl","cmofnxa3s00b5k1048mwgas5j","cmnh57v9d0029ii04fg0vf91n",1,"f"
"cmofnxa4000bbk104xz0ni0yn","cmofnxa3y00b9k104owqrp4ji","cmnh57v9d0029ii04fg0vf91n",1,"f"
"cmofnxa4600bfk104f9lfskar","cmofnxa4300bdk104no0kdpfc","cmnh57v9d0029ii04fg0vf91n",1,"f"
"cmofnxa4a00bjk1042lo4qv3a","cmofnxa4800bhk104cntj8yi4","cmnh57v9d0029ii04fg0vf91n",1,"f"
"cmofnxaiv00bnk104r1tdchrm","cmofnxair00blk1048psc4ex3","cmnh57v9d0029ii04fg0vf91n",1,"f"
"cmofnxaj100brk104ddapyhm6","cmofnxaiy00bpk104suagivfa","cmnh57v9d0029ii04fg0vf91n",1,"f"
"cmofnxaj800bvk104ay53ysbn","cmofnxaj400btk104p4p59nta","cmnh57v9d0029ii04fg0vf91n",1,"f"
"cmofnxaje00bzk1040l16i84p","cmofnxajb00bxk104bv6c8uxq","cmnh57v9d0029ii04fg0vf91n",1,"f"
"cmofnxajj00c3k104ybcoc4h8","cmofnxajh00c1k104c91n26d5","cmnh57v9d0029ii04fg0vf91n",1,"f"
"cmofnxajq00c7k104a0ah71nl","cmofnxajn00c5k104bmzygw9y","cmnh57xa6009rii04bqom4dvi",1,"f"
"cmofnxajw00cbk1049wddskb0","cmofnxaju00c9k104c2zwnmfk","cmnh57xa6009rii04bqom4dvi",1,"f"
"cmofnxak200cfk104bg3gvv06","cmofnxajz00cdk104vcettt82","cmnh57xa6009rii04bqom4dvi",1,"f"
"cmofnxakk00crk104z7fixuye","cmofnxakh00cpk104xu1pzijb","cmnh57xa6009rii04bqom4dvi",1,"f"
"cmofnxatw00cvk104kq7yx7rb","cmofnxats00ctk104mlosnwt5","cmnh57xa6009rii04bqom4dvi",1,"f"
"cmofnxau500d1k1049gsvxe66","cmofnxau200czk104wmvtvppi","cmnh57xa6009rii04bqom4dvi",1,"f"
"cmofnxaua00d5k104pucdcsu7","cmofnxau700d3k104srpwscbr","cmnh57xa6009rii04bqom4dvi",1,"f"
"cmofnxaug00d9k104u4x7a5h3","cmofnxauc00d7k1042e82kkyc","cmnh57xa6009rii04bqom4dvi",1,"f"
"cmofnxauk00ddk104q0qqc6nv","cmofnxaui00dbk104p0c81kmg","cmnh57v9d0029ii04fg0vf91n",1,"f"
"cmofnxav100dpk104rbhbz13q","cmofnxauy00dnk104ox1r2npt","cmnh57xa6009rii04bqom4dvi",1,"f"
"cmofnxbav00dzk1048k6q5x7s","cmofnxbas00dxk104ec0kcxoj","cmnh57xa6009rii04bqom4dvi",1,"f"
"cmofnxbb200e3k104bp9oor1h","cmofnxbaz00e1k104cdx4bqjw","cmnh57xa6009rii04bqom4dvi",1,"f"
"cmofnxbb800e7k1048c0az5i2","cmofnxbb500e5k104o40pvzf0","cmnh57xa6009rii04bqom4dvi",1,"f"
"cmofnxbbe00ebk104h7qyetfa","cmofnxbbb00e9k1047m8cq1ie","cmnh57xa6009rii04bqom4dvi",1,"f"
"cmofnxbbp00ehk104n0schqhk","cmofnxbbm00efk104ydotnjm0","cmnh57xa6009rii04bqom4dvi",1,"f"
"cmofnxbbv00elk104qzyktaxb","cmofnxbbs00ejk1046u2wazp0","cmnh57xa6009rii04bqom4dvi",1,"f"
"cmofnxbci00ezk104u8ejfhkb","cmofnxbce00exk104lguu0qz9","cmnh57xa6009rii04bqom4dvi",1,"f"
"cmofnxbco00f3k104maj2o121","cmofnxbcl00f1k104ojsk4qje","cmnh57xa6009rii04bqom4dvi",1,"f"
"cmofnxbcv00f7k104zkdmn400","cmofnxbcr00f5k104fkpbcnzd","cmnh57xa6009rii04bqom4dvi",1,"f"
"cmofnxbd200fbk104nf9gmcqb","cmofnxbcz00f9k104d0gaeod0","cmnh57xa6009rii04bqom4dvi",1,"f"
"cmofnxbd800ffk104k6jiz9hh","cmofnxbd600fdk104ua4mty5q","cmnh57xa6009rii04bqom4dvi",1,"f"
"cmofnxbnp00fpk104kkxmaqpi","cmofnxbnl00fnk104cp228nnm","cmnh57v9d0029ii04fg0vf91n",1,"f"
"cmofnxbnu00ftk104fcj4ddn3","cmofnxbnr00frk104e75fkuqp","cmnh57v9d0029ii04fg0vf91n",1,"f"
"cmofnxbnz00fxk104uhk5k6v3","cmofnxbnw00fvk104kr6lzcbn","cmnh57v9d0029ii04fg0vf91n",1,"f"
"cmofnxbo900g5k104yp518uzs","cmofnxbo700g3k1049tk6x9n0","cmnh57xa6009rii04bqom4dvi",1,"f"
"cmofnxbof00g9k104epqyv3fc","cmofnxboc00g7k104bl094dpe","cmnh57xa6009rii04bqom4dvi",1,"f"
"cmofnxbok00gdk1040wvn34ql","cmofnxboh00gbk1043l9aege7","cmnh57xa6009rii04bqom4dvi",1,"f"
"cmofnxboo00ghk1044q6kg7pz","cmofnxbom00gfk104w3kg4ztv","cmnh57xa6009rii04bqom4dvi",1,"f"
"cmofnxbou00glk104xrkv9mvf","cmofnxbor00gjk104utkshcx7","cmnh57xa6009rii04bqom4dvi",1,"f"
"cmofnxbp300gpk10490x8hx7m","cmofnxbp000gnk104gib3qbt8","cmnh57xa6009rii04bqom4dvi",1,"f"
"cmofnxc5300h7k104zkj99gqw","cmofnxc5000h5k10460xdqazd","cmnh57xa6009rii04bqom4dvi",1,"f"
"cmofnxc5900hbk104p8ci0w3o","cmofnxc5600h9k104i5jn9bnv","cmnh57xa6009rii04bqom4dvi",1,"f"
"cmofnxc5e00hfk104zqyoap2f","cmofnxc5b00hdk104irjta65m","cmnh57xa6009rii04bqom4dvi",1,"f"
"cmofnxc5l00hlk104f4ef6nde","cmofnxc5j00hjk1049ksflq1g","cmnh57v9d0029ii04fg0vf91n",1,"f"
"cmofnxc5r00hpk104y31pzejy","cmofnxc5o00hnk104uhczxu17","cmnh57xa6009rii04bqom4dvi",1,"f"
"cmofnxc5v00htk104r4rkakcx","cmofnxc5t00hrk104wuhauzj8","cmnh57xa6009rii04bqom4dvi",1,"f"
"cmofnxc6000hxk104k09oqzan","cmofnxc5y00hvk104ysab7x8n","cmnh57xa6009rii04bqom4dvi",1,"f"
"cmofnxc6500i1k10471135kty","cmofnxc6300hzk104066idjje","cmnh57xa6009rii04bqom4dvi",1,"f"
"cmofnxc6b00i5k104mxxognpz","cmofnxc6800i3k104q3f8wkn9","cmnh57xa6009rii04bqom4dvi",1,"f"
"cmofnxclx00idk1047ae7ty65","cmofnxclt00ibk104zzq97kmj","cmnh57v9d0029ii04fg0vf91n",1,"f"
"cmofnxcm200ihk10453rblmkh","cmofnxcm000ifk104luoxt6y6","cmnh57v9d0029ii04fg0vf91n",1,"f"
"cmofnxcm700ilk104tnanggwr","cmofnxcm500ijk104hg8dpaur","cmnh57v9d0029ii04fg0vf91n",1,"f"
"cmofnxcme00ipk104ug1z8dq9","cmofnxcmb00ink104mz6zyjor","cmnh57v9d0029ii04fg0vf91n",1,"f"
"cmofnxcmm00ivk104uunsmmay","cmofnxcmj00itk104699vupph","cmnh57xa6009rii04bqom4dvi",1,"f"
"cmofnxcmr00izk104x788tisz","cmofnxcmo00ixk1046gvh2u8j","cmnh57xa6009rii04bqom4dvi",1,"f"
"cmofnxcmz00j5k104n1cadr4z","cmofnxcmw00j3k1048uzt0q9a","cmn6uxoho004cl404shdz6ehi",1,"f"
"cmofnxcn500j9k1046oqaklre","cmofnxcn200j7k104caawmny8","cmnh57v9d0029ii04fg0vf91n",1,"f"
"cmofnxcna00jdk104o3s5yxhc","cmofnxcn700jbk104gdf9i9hl","cmnh57v9d0029ii04fg0vf91n",1,"f"
"cmofnxcnf00jhk104tqmnb9bs","cmofnxcnc00jfk104ued3vhdu","cmnh57v9d0029ii04fg0vf91n",1,"f"
"cmofnxdf700l7k104w85ohx37","cmofnxdf400l5k104q3thkaz6","cmnh57xa6009rii04bqom4dvi",1,"f"
"cmofnxdfb00lbk1044lwgv6ca","cmofnxdf900l9k104sofsco07","cmnh57xa6009rii04bqom4dvi",1,"f"
"cmofnxdfh00lfk104yj4fl5nu","cmofnxdfe00ldk1047onimuqe","cmnh57xa6009rii04bqom4dvi",1,"f"
"cmofnxdfm00ljk1040y3hbzyh","cmofnxdfj00lhk104qpsg9nw2","cmnh57xa6009rii04bqom4dvi",1,"f"
"cmofnxdfr00lnk1045ql9gtby","cmofnxdfo00llk104fp9zvy2g","cmnh57xa6009rii04bqom4dvi",1,"f"
"cmofnxdpd00m9k1040jkw4baz","cmofnxdpb00m7k104nuixfefe","cmnh57xa6009rii04bqom4dvi",1,"f"
"cmofnxdpj00mdk104bneiznkc","cmofnxdpg00mbk104xjk8jcy1","cmnh57xa6009rii04bqom4dvi",1,"f"
"cmofnxdpo00mhk104kasp4p0k","cmofnxdpl00mfk104o0gsjz8f","cmnh57xa6009rii04bqom4dvi",1,"f"
"cmofnxdpt00mlk104ih92iu2d","cmofnxdpq00mjk104cj0uj9rx","cmnh57xa6009rii04bqom4dvi",1,"f"
"cmofnxfx5001xl104uavxzjn8","cmofnxfx2001vl1041gg03grv","cmnh57xa6009rii04bqom4dvi",1,"f"
"cmofnxfxd0021l104bjl1gzx9","cmofnxfxa001zl104mkij00co","cmnh57xa6009rii04bqom4dvi",1,"f"
"cmofnxfxs0025l104qcoqe5pw","cmofnxfxg0023l104nt55e4k2","cmnh57xa6009rii04bqom4dvi",1,"f"
"cmofvrg7h0001ju04xmwhak9q","cmofnx7j20009k104lzk4tg17","cmn6uxojz004zl404ieofic0p",1,"f"
"cmofvrg800003ju042px95y1n","cmofnx7j9000dk104zoscuodu","cmn6uxojz004zl404ieofic0p",1,"f"
"cmofvrg8f0005ju04acps1sdd","cmofnx7jg000hk104ywqtakty","cmn6uxojz004zl404ieofic0p",1,"f"
"cmofvrg8p0007ju04dq6xlwa1","cmofnx7jj000jk104cuhk5kwt","cmn6uxojz004zl404ieofic0p",1,"f"
"cmofvrg8y0009ju04ahieivap","cmofnx7jl000lk104ygiuqsva","cmn6uxojz004zl404ieofic0p",1,"f"
"cmofvrg98000bju04ajtjr4b9","cmofnx7jo000nk10426dsxcbo","cmn6uxojz004zl404ieofic0p",1,"f"
"cmofvrg9h000dju042gjrxqmn","cmofnx7jr000pk104tfoxtw2t","cmn6uxo5a001bl404gi3lz7xe",1,"f"
"cmofvrg9t000fju04j90wsyiz","cmofnx7ju000rk104dumn5i6y","cmn6uxojz004zl404ieofic0p",1,"f"
"cmofvrga3000hju04w2ydkto8","cmofnx7jx000tk1044tzao8lw","cmn6uxojz004zl404ieofic0p",1,"f"
"cmofvrgay000jju043t1e9u6a","cmofnx7k80011k104nhjwg95w","cmn6uxo5a001bl404gi3lz7xe",1,"f"
"cmofvrgbd000lju04uzejpxmb","cmofnx7kd0015k10468qy6ljg","cmn6uxojz004zl404ieofic0p",1,"f"
"cmofvrgbp000nju04ipbs18rz","cmofnx7kg0017k104gcybrmdz","cmn6uxojz004zl404ieofic0p",1,"f"
"cmofvrgle000pju046ix16g3z","cmofnx7tp001fk104js34iz9l","cmn6uxojz004zl404ieofic0p",1,"f"
"cmofvrgln000rju04lbbb805e","cmofnx7ts001hk104gufgk2p7","cmn6uxojz004zl404ieofic0p",1,"f"
"cmofvrgm1000tju04i1pdr65l","cmofnx7ty001lk104dt6e1wkz","cmn6uxojz004zl404ieofic0p",1,"f"
"cmofvrgmg000vju04su64sa2c","cmofnx7u4001pk104zvnqqbb8","cmn6uxojz004zl404ieofic0p",1,"f"
"cmofvrgnm000xju04c461rvj6","cmofnx7u9001tk104vj82lza1","cmn6uxojz004zl404ieofic0p",1,"f"
"cmofvrgny000zju04zz2ya8ca","cmofnx7uc001vk104b20hee72","cmn6uxok30050l4047l8foxwq",1,"f"
"cmofvrgot0011ju04nj45dui4","cmofnx7un0023k104t2dnpspi","cmn6uxok30050l4047l8foxwq",1,"f"
"cmofvrh0g0013ju04i7m301fi","cmofnx858002pk104lec7qi4a","cmn6uxok30050l4047l8foxwq",1,"f"
"cmofvrh1d0015ju049l2ofzoo","cmofnx85l002zk1045sjc4yu0","cmn6uxojz004zl404ieofic0p",1,"f"
"cmofvrh1r0017ju04ggsdrawe","cmofnx85q0033k10424utyylv","cmn6uxojz004zl404ieofic0p",1,"f"
"cmofvrh200019ju043sdcfsg5","cmofnx85t0035k104vaykpzsb","cmn6uxo5a001bl404gi3lz7xe",1,"f"
"cmofvrh2q001bju04ui4uvg9v","cmofnx863003dk104wyunz514","cmn6uxo5a001bl404gi3lz7xe",1,"f"
"cmofvrh2y001dju04ck7bh217","cmofnx865003fk104hnmqumdy","cmn6uxo5a001bl404gi3lz7xe",1,"f"
"cmofvrhj7001fju04r2uyzjdo","cmofnx8fb003pk1043yzjb3ji","cmn6uxo5a001bl404gi3lz7xe",1,"f"
"cmofvrhjm001hju049rw6zreu","cmofnx8fh003tk104anp1zxa1","cmn6uxo5a001bl404gi3lz7xe",1,"f"
"cmofvrhkf001jju048cibygri","cmofnx8fr0041k1045fuf3qns","cmn6uxo5a001bl404gi3lz7xe",1,"f"
"cmofvrhko001lju04widzvqvb","cmofnx8ft0043k104oa2lmytd","cmn6uxojz004zl404ieofic0p",1,"f"
"cmofvrhlf001nju04r985ifx7","cmofnx8g4004bk104imckcing","cmn6uxo5a001bl404gi3lz7xe",1,"f"
"cmofvrhlo001pju04rta1ahzn","cmofnx8g6004dk104i27chsh4","cmn6uxojz004zl404ieofic0p",1,"f"
"cmofvrhly001rju04p8yhaupp","cmofnx8g9004fk104iyw9hpxl","cmn6uxojz004zl404ieofic0p",1,"f"
"cmofvrhm8001tju04sbcj6z6c","cmofnx8gc004hk10448mn7pb0","cmn6uxojz004zl404ieofic0p",1,"f"
"cmofvrhmh001vju04abpk9h3j","cmofnx8ge004jk104b5ums6dg","cmn6uxojz004zl404ieofic0p",1,"f"
"cmofvrhwf001xju04m0d0lvsk","cmofnx8wd004nk104rp8bw1gu","cmn6uxo5a001bl404gi3lz7xe",1,"f"
"cmofvrhx9001zju04495pqlfz","cmofnx8wr004xk1040y99z1rg","cmn6uxo5a001bl404gi3lz7xe",1,"f"
"cmofvrhxi0021ju047p75gj79","cmofnx8wt004zk104nu0ht9vf","cmn6uxojz004zl404ieofic0p",1,"f"
"cmofvrhxv0023ju04a0no28q2","cmofnx8wz0053k104092fdzgw","cmn6uxojz004zl404ieofic0p",1,"f"
"cmofvrhy40025ju048hgkdspl","cmofnx8x10055k1043utxx9ji","cmn6uxo5a001bl404gi3lz7xe",1,"f"
"cmofvrhyd0027ju04p7t23922","cmofnx8x30057k104d6ewltd6","cmn6uxo5a001bl404gi3lz7xe",1,"f"
"cmofvrhym0029ju04q4cnx7l8","cmofnx8x60059k104z8qoqbdv","cmn6uxojz004zl404ieofic0p",1,"f"
"cmofvrhz6002bju044wiw7nez","cmofnx8xe005fk1046t5dxqoc","cmn6uxojz004zl404ieofic0p",1,"f"
"cmofvrhze002dju041n8zcnm3","cmofnx8xh005hk104gcacwo4l","cmn6uxojz004zl404ieofic0p",1,"f"
"cmofvrhzo002fju04v3hrwsm2","cmofnx8xj005jk104fykzj62m","cmn6uxo5a001bl404gi3lz7xe",1,"f"
"cmofvrhzx002hju04hpuezeka","cmofnx8xm005lk104kwbjpmfi","cmn6uxojz004zl404ieofic0p",1,"f"
"cmofvri05002jju04qpdvn1yt","cmofnx8xp005nk1041lr9tsxh","cmn6uxojz004zl404ieofic0p",1,"f"
"cmofvri9i002lju04r9u8zas1","cmofnx968005pk1041fccxvs6","cmn6uxojz004zl404ieofic0p",1,"f"
"cmofvri9x002nju04xo7x14lg","cmofnx96d005tk104e31bzvus","cmn6uxojz004zl404ieofic0p",1,"f"
"cmofvriac002pju0428l98r0s","cmofnx96i005xk104p3tzay4n","cmn6uxojz004zl404ieofic0p",1,"f"
"cmofvriax002rju041s8ec67r","cmofnx96n0061k104fv8je9p4","cmn6uxojz004zl404ieofic0p",1,"f"
"cmofvribb002tju04uupu9khe","cmofnx96s0065k104bch65kcd","cmn6uxojz004zl404ieofic0p",1,"f"
"cmofvribk002vju04u86s5gty","cmofnx96x0069k104lhf6xhak","cmn6uxojz004zl404ieofic0p",1,"f"
"cmofvribz002xju04tmcuwhar","cmofnx972006dk104ypvqh4qr","cmn6uxojz004zl404ieofic0p",1,"f"
"cmofvric7002zju044z7qte49","cmofnx974006fk104px41w0ru","cmn6uxojz004zl404ieofic0p",1,"f"
"cmofvricn0031ju046opnnozb","cmofnx979006jk10498tf9fvi","cmn6uxojz004zl404ieofic0p",1,"f"
"cmofvrid10033ju04ot7xm2zp","cmofnx97f006nk1049eep9w1n","cmn6uxojz004zl404ieofic0p",1,"f"
"cmofvrimb0035ju047g2ku3ko","cmofnx9g3006vk104ljlfanwo","cmn6uxojz004zl404ieofic0p",1,"f"
"cmofvrimk0037ju04bkr491yp","cmofnx9g6006xk104lpk2kooj","cmn6uxojz004zl404ieofic0p",1,"f"
"cmofvrin90039ju04w667gg31","cmofnx9gh0075k10444vs83p6","cmn6uxojz004zl404ieofic0p",1,"f"
"cmofvrio1003bju048e6512k3","cmofnx9gs007dk1046rvry4kx","cmn6uxojz004zl404ieofic0p",1,"f"
"cmofvriod003dju04e11putfh","cmofnx9gv007fk104rxxxh6wt","cmn6uxojz004zl404ieofic0p",1,"f"
"cmofvripv003fju04xy8m1pu1","cmofnx9he007tk1041wdpc75t","cmn6uxojz004zl404ieofic0p",1,"f"
"cmofvriq4003hju040hqzgbpf","cmofnx9hh007vk104ep92tl6d","cmn6uxojz004zl404ieofic0p",1,"f"
"cmofvriz8003jju04ugl1002r","cmofnx9qp007xk104ycrsndhg","cmn6uxojz004zl404ieofic0p",1,"f"
"cmofvrj0a003lju04uu0hafef","cmofnx9rb008dk104bo2wp4hq","cmn6uxojz004zl404ieofic0p",1,"f"
"cmofvrj0j003nju042vwd22h5","cmofnx9rd008fk104hq6gpcdy","cmn6uxojz004zl404ieofic0p",1,"f"
"cmofvrj0s003pju04qw31n8ob","cmofnztaf002hl104a2trgeq0","cmn6uxo5a001bl404gi3lz7xe",1,"f"
"cmofvrj11003rju047qqjs0ux","cmofnztaj002jl104dd54647t","cmn6uxo5a001bl404gi3lz7xe",1,"f"
"cmofvrj1a003tju04b152z3v8","cmofnztan002ll104zgz2qktd","cmn6uxo5a001bl404gi3lz7xe",1,"f"
"cmofvrk3x003vju04gjnnnm95","cmofnztat002pl104a0g2x661","cmn6uxojz004zl404ieofic0p",1,"f"
"cmofvrk4b003xju04997gd8al","cmofnztaz002rl10420l91aw6","cmn6uxojz004zl404ieofic0p",1,"f"
"cmofvrk4q003zju04cp67eoxo","cmofnztb5002vl1048ixw5c90","cmn6uxojz004zl404ieofic0p",1,"f"
"cmofvrk590041ju04tmw89k2n","cmofnztb8002xl104g88jypyj","cmn6uxojz004zl404ieofic0p",1,"f"
"cmofvrk5i0043ju04su41htyw","cmofnztbb002zl1048ygcyusa","cmn6uxojz004zl404ieofic0p",1,"f"
"cmofvrk5r0045ju04kmayhg9f","cmofnxak500chk104oifwx3x2","cmn6uxojz004zl404ieofic0p",1,"f"
"cmofvrk6n0047ju04ly3j64lw","cmofnztbf0031l104emm0ytjc","cmn6uxojz004zl404ieofic0p",1,"f"
"cmofvrkg00049ju04el0vp220","cmofnxatz00cxk10453z902z5","cmn6uxojz004zl404ieofic0p",1,"f"
"cmofvrkga004bju04hpiouy3z","cmofnztbi0033l104mrqlvsn0","cmn6uxo5a001bl404gi3lz7xe",1,"f"
"cmofvrkgy004dju04ly6zpk5q","cmofnztbm0035l104a910mavn","cmn6uxo5a001bl404gi3lz7xe",1,"f"
"cmofvrkh7004fju04uwsxsjwy","cmofnztbp0037l1041fgets73","cmn6uxo5a001bl404gi3lz7xe",1,"f"
"cmofvrkhf004hju04iu2286h3","cmofnztbs0039l104dudmaml5","cmn6uxo5a001bl404gi3lz7xe",1,"f"
"cmofvrkht004jju04hl24l42b","cmofnxaun00dfk104doinhmvt","cmn6uxojz004zl404ieofic0p",1,"f"
"cmofvrki4004lju04wccmgh4r","cmofnxauq00dhk104d4gutf36","cmn6uxojz004zl404ieofic0p",1,"f"
"cmofvrkiq004nju04cyvgdpsz","cmofnxauv00dlk104a1psqs85","cmn6uxojz004zl404ieofic0p",1,"f"
"cmofvrkiz004pju047ewb2bsu","cmofnztbv003bl104ofv649md","cmn6uxo5a001bl404gi3lz7xe",1,"f"
"cmofvrkj8004rju0458xqg2l8","cmofnztbz003dl1046ll2qi00","cmn6uxo5a001bl404gi3lz7xe",1,"f"
"cmofvrkjt004tju04by8zv6wu","cmofnxav700dtk104726emu94","cmn6uxojz004zl404ieofic0p",1,"f"
"cmofvrkk2004vju04ew50c6x3","cmofnxava00dvk104ahljn2qe","cmnh57x9z009pii04h80v54ep",1,"f"
"cmofvrku8004xju04c2tw1v5c","cmofnztc2003fl1049cclojiw","cmn6uxo5a001bl404gi3lz7xe",1,"f"
"cmofvrkuw004zju04zqmjmfvw","cmofnxbby00enk1044bfuz3ng","cmn6uxojz004zl404ieofic0p",1,"f"
"cmofvrkv50051ju04rdqrgu28","cmofnxbc100epk1047z09w7g4","cmn6uxojz004zl404ieofic0p",1,"f"
"cmofvrkvk0053ju04x7o3kqu0","cmofnxbc700etk104xx1i9ifi","cmn6uxojz004zl404ieofic0p",1,"f"
"cmofvrkwq0055ju048hr4vi1j","cmofnxbdb00fhk104zae2f14r","cmn6uxo5a001bl404gi3lz7xe",1,"f"
"cmofvrl6h0057ju042gduwsmz","cmofnztc5003hl104dxxan7tf","cmn6uxojz004zl404ieofic0p",1,"f"
"cmofvrl6q0059ju04mhuc00v4","cmofnztc9003jl104ldpaqtgs","cmn6uxojz004zl404ieofic0p",1,"f"
"cmofvrl70005bju04egvk9snf","cmofnztl8003ll104ucpy0gro","cmn6uxojz004zl404ieofic0p",1,"f"
"cmofvrl79005dju040skj9qjp","cmofnztlc003nl1047ooj2a7e","cmn6uxojz004zl404ieofic0p",1,"f"
"cmofvrl80005fju041tr66uag","cmofnxbo100fzk104k7as70bh","cmnh57wtl0088ii04vl18udls",1,"f"
"cmofvrl89005hju041xjvw94g","cmofnxbo400g1k104gxu0aev8","cmnh57x9z009pii04h80v54ep",1,"f"
"cmofvrl9a005jju04xf11besl","cmofnztlf003pl104heu1y4zv","cmn6uxo5a001bl404gi3lz7xe",1,"f"
"cmofvrl9j005lju04pplj9bb9","cmofnztli003rl104k6hdmwcp","cmn6uxo5a001bl404gi3lz7xe",1,"f"
"cmofvrl9x005nju04u0cq01um","cmofnxbp500grk104h966vxes","cmnh57wtl0088ii04vl18udls",1,"f"
"cmofvrls0005pju04n64n0ktv","cmofnxc4l00gvk104ar1cnisj","cmnh57wtl0088ii04vl18udls",1,"f"
"cmofvrlsa005rju04gmm9k0ok","cmofnxc4o00gxk10467lo4nhs","cmnh57wtl0088ii04vl18udls",1,"f"
"cmofvrltt005tju049tggjc1y","cmofnztll003tl1045nrn6aw7","cmn6uxojz004zl404ieofic0p",1,"f"
"cmofvrlu9005vju04741hkjlz","cmofnztls003xl104w9yakm58","cmn6uxojz004zl404ieofic0p",1,"f"
"cmofvrlum005xju04n74s0avk","cmofnztlv003zl104lns8pl0e","cmn6uxojz004zl404ieofic0p",1,"f"
"cmofvrm5v005zju04ypuyihrf","cmofnztly0041l104pjuy785f","cmn6uxo5a001bl404gi3lz7xe",1,"f"
"cmofvrm690061ju04hr21j7lg","cmofnztm40045l104powntxr9","cmn6uxo5a001bl404gi3lz7xe",1,"f"
"cmofvrm6t0063ju049nkibrse","cmofnztmd004bl104xrkytbot","cmn6uxo5a001bl404gi3lz7xe",1,"f"
"cmofvrm720065ju04exsc80ju","cmofnxcmt00j1k104j7bwawog","cmnh57wtl0088ii04vl18udls",1,"f"
"cmofvrm7w0067ju04zb3ppcs3","cmofnxcni00jjk104rrawzujh","cmn6uxojz004zl404ieofic0p",1,"f"
"cmofvrn4j0001l104ugtrb0j2","cmofnxcwj00jlk104vtplmz2v","cmn6uxojz004zl404ieofic0p",1,"f"
"cmofvrn4u0003l10405fe8w0x","cmofnztmg004dl104duh6t868","cmn6uxojz004zl404ieofic0p",1,"f"
"cmofvrn510005l10419c8ypc6","cmofnztmk004fl10402xud43f","cmn6uxojz004zl404ieofic0p",1,"f"
"cmofvrn590007l104mij562cd","cmofnxcwn00jnk104mvjb99xi","cmn6uxojz004zl404ieofic0p",1,"f"
"cmofvrn5g0009l104wnkqmn22","cmofnxcwr00jpk104c5wlt74o","cmn6uxojz004zl404ieofic0p",1,"f"
"cmofvrn5n000bl104qret88fu","cmofnxcwu00jrk1047ftvu0iu","cmn6uxojz004zl404ieofic0p",1,"f"
"cmofvrn5v000dl104axjtggob","cmofnxcwy00jtk104vvj3i725","cmnh57wtl0088ii04vl18udls",1,"f"
"cmofvrn64000fl1046dz5uvqr","cmofnxcx100jvk104lmdw9tod","cmnh57wtl0088ii04vl18udls",1,"f"
"cmofvrn71000hl104lnidatro","cmofnxcy000k5k1040zu5h9o3","cmnh57wtl0088ii04vl18udls",1,"f"
"cmofvrn7n000jl104ks0kqgzr","cmofnxcyo00kdk104kekamkvz","cmnh57wtl0088ii04vl18udls",1,"f"
"cmofvrnkr000ll104m5j0ez6l","cmofnztmn004hl1041dh59klr","cmn6uxojz004zl404ieofic0p",1,"f"
"cmofvrnky000nl104shj4minb","cmofnztmy004ll104by496kx6","cmn6uxojz004zl404ieofic0p",1,"f"
"cmofvro0u000pl104apz7i0zd","cmofnxdov00lxk104vukvmijx","cmn6uxojz004zl404ieofic0p",1,"f"
"cmofvro1x000rl104lf4fjt4m","cmofnztn2004nl104pmjn4rdy","cmn6uxo5a001bl404gi3lz7xe",1,"f"
"cmofvro24000tl104asgszszz","cmofnztw7004pl104iy0vq13m","cmn6uxo5a001bl404gi3lz7xe",1,"f"
"cmofvro2a000vl1048lk2x7cf","cmofnxdpw00mnk104oi6j7ck9","cmn6uxo5a001bl404gi3lz7xe",1,"f"
"cmofvro2h000xl1040bnycz85","cmofnxdpz00mpk104asd2mgpk","cmnh57wtl0088ii04vl18udls",1,"f"
"cmofvro2r000zl104a813usty","cmofnxdq500mtk104cywkf2g5","cmnh57wtl0088ii04vl18udls",1,"f"
"cmofvro2y0011l104th9vdvs7","cmofnxdq800mvk104v9zbi8wm","cmnh57wtl0088ii04vl18udls",1,"f"
"cmofvrobz0013l10492zek9f7","cmofnxen00001la04g3ziagbk","cmn6uxojz004zl404ieofic0p",1,"f"
"cmofvrocb0015l104771e8u4k","cmofnxena0005la04u5u4rnps","cmn6uxojz004zl404ieofic0p",1,"f"
"cmofvrod00017l104yafztmt9","cmofnxenl000bla04e2deu8o6","cmn6uxojz004zl404ieofic0p",1,"f"
"cmofvrod90019l104uunx3leq","cmofnxenp000dla04tacwkd3k","cmn6uxojz004zl404ieofic0p",1,"f"
"cmofvrodi001bl1045iaip4uv","cmofnztwb004rl104vi5z1t1u","cmn6uxo5a001bl404gi3lz7xe",1,"f"
"cmofvrodu001dl104xj8st1rz","cmofnztwe004tl104qrbm52w8","cmn6uxojz004zl404ieofic0p",1,"f"
"cmofvroea001fl104drbomip7","cmofnxenw000hla04zir4wsmp","cmn6uxojz004zl404ieofic0p",1,"f"
"cmofvroek001hl1041lmxzkwg","cmofnxeo0000jla04eowzk0j0","cmnh57wtl0088ii04vl18udls",1,"f"
"cmofvroev001jl104bv5rap37","cmofnztwm004xl104oh5pomnb","cmn6uxojz004zl404ieofic0p",1,"f"
"cmofvrof7001ll104ackb3tmb","cmofnxeo7000nla04i5xsiv67","cmn6uxojz004zl404ieofic0p",1,"f"
"cmofvrofh001nl104a4g5qp4b","cmofnxeob000pla04grej90xe","cmnh57wtl0088ii04vl18udls",1,"f"
"cmofvrofq001pl104t3rghac0","cmofnxeof000rla04cva5r6j3","cmnh57wtl0088ii04vl18udls",1,"f"
"cmofvrog1001rl104cajli37h","cmofnxeoj000tla04hn224zuw","cmn6uxojz004zl404ieofic0p",1,"f"
"cmofvroq9001tl1043qpri0d3","cmofnxf71000nl104fr5qvt3y","cmn6uxojz004zl404ieofic0p",1,"f"
"cmofvroqm001vl104ou8ewaal","cmofnxf76000rl104pa8esc0y","cmnh57wtl0088ii04vl18udls",1,"f"
"cmofvroqx001xl10430kq7eoe","cmofnxf7c000vl104r4eui4fc","cmnh57wtl0088ii04vl18udls",1,"f"
"cmofvrord001zl104dhkxc6q7","cmofnxf7m0011l1048i3qwt57","cmn6uxojz004zl404ieofic0p",1,"f"
"cmofvrp0a0021l104jj160mwl","cmofnztwp004zl104n76vtp9n","cmn6uxojz004zl404ieofic0p",1,"f"
"cmofvrp0m0023l104tofv9bow","cmofnztww0053l104gtv6hds6","cmn6uxojz004zl404ieofic0p",1,"f"
"cmofvrp0x0025l104im1v9uvj","cmofnxfn60019l104tnkzkus3","cmnh57wtl0088ii04vl18udls",1,"f"
"cmofvrp1p0027l1044k46l1sy","cmofnztxf0057l104p71k1uxi","cmn6uxojz004zl404ieofic0p",1,"f"
"cmofvrp200029l104oyojrdef","cmofnxfno001ll1048ov9dgbu","cmn6uxojz004zl404ieofic0p",1,"f"
"cmofvrp2c002bl104fdpq6s5m","cmofnxfnu001pl104nylqazzt","cmn6uxojz004zl404ieofic0p",1,"f"
"cmofvrp2k002dl104w9ueuxod","cmofnxfny001rl104jfgq86pa","cmn6uxojz004zl404ieofic0p",1,"f"
"cmofvrp2w002fl104n6la6pb1","cmofnztxj0059l104avyccal6","cmn6uxojz004zl404ieofic0p",1,"f"
"cmofvrp34002hl104mz8shw76","cmofnztxm005bl104pyhwod5e","cmn6uxojz004zl404ieofic0p",1,"f"
"cmofvrpc7002jl104zrcrc0ck","cmofnztxu005fl104332nzah3","cmn6uxojz004zl404ieofic0p",1,"f"
"cmofvrpcn002ll104i9p3ptx3","cmofnxfxx0027l104loofr1eg","cmn6uxojz004zl404ieofic0p",1,"f"
"cmofvrpct002nl104eu91z667","cmofnxfy00029l104tce8nxhl","cmn6uxojz004zl404ieofic0p",1,"f"
"cmofvrpd0002pl104bs7tv7nt","cmofnxfyc002bl104ac39nguc","cmn6uxojz004zl404ieofic0p",1,"f"
"cmofvrpd7002rl104k7ox00ui","cmofnxfyf002dl104mkpjaa4q","cmn6uxocr003al404uua0n5sw",1,"f"
"cmofvrpdd002tl104ax21e9g0","cmofnztxx005hl1047a41fm7v","cmn6uxocr003al404uua0n5sw",1,"f"
"cmofvrpdk002vl1040h9slhy9","cmofnxfyi002fl1042spg0h5v","cmn6uxocr003al404uua0n5sw",1,"f"
"cmogpjc770002l5041j51wpze","cmogpjc540001l5045pnn2wu6","cmnh57x9z009pii04h80v54ep",10,"t"
"cmogx0f0f000kl4046qkxoc0g","cmogx0f0a000jl404xhhddddr","cmnh57vtq004iii047vhl4tfv",50,"f"
"cmogx0f0f000ll404uimezx5h","cmogx0f0a000jl404xhhddddr","cmogga27n0000l804vx9trfo8",50,"t"
"cmogxs5240002jp04ty5kzdlp","cmogxs51y0001jp04rb1tktdq","cmn6uxocr003al404uua0n5sw",50,"f"
"cmogxsdkb0007jp048vuq209j","cmogxsdk70006jp04f9yir860","cmn6uxo5a001bl404gi3lz7xe",100,"f"
"cmogxslwi000qji04mzckxb5f","cmogxslwb000pji04w48jg1am","cmn6uxo5h001dl404hwz19n03",100,"f"
"cmogxsuh80017jo04dz5susbd","cmogxsuh30016jo04ggoshuvt","cmn6uxojz004zl404ieofic0p",30,"f"
"cmogxt4pp000vji04oyv75t38","cmogxt4pl000uji047k6jh32j","cmn6uxojz004zl404ieofic0p",100,"f"
"cmogxtrwa0010ji040f7cploy","cmogxtrw3000zji04uhbrj3e6","cmn6uxocr003al404uua0n5sw",9.99,"f"
"cmogxvrx30010l4046b047l7x","cmogxvrwx000zl404ze96fj0y","cmn6uxocr003al404uua0n5sw",15,"f"
"cmogxx65k0004ju047z9em824","cmogxx65f0003ju04v0t709h8","cmn6uxojz004zl404ieofic0p",100,"f"
"cmogxx65k0005ju04eghbh9h0","cmogxx65f0003ju04v0t709h8","cmn6uxope006el4042tfxjgry",16,"f"
"cmogyc6fp0002jx04v4g2f2vn","cmogyc6fi0001jx04gbyzlcfa","cmn6uxok70051l40406ivopv3",20,"f"
"cmoi4dd6u000kjl04i2x6eg38","cmoi4dd6o000jjl048v5s5858","cmn6uxocr003al404uua0n5sw",20,"f"
"cmoi4dd6u000ljl04rz9wbqen","cmoi4dd6o000jjl048v5s5858","cmn6uxoqc006nl404t2zlp86z",2.3,"f"
"cmoi4qam40002l804r3eq6g8c","cmoi4qaly0001l804j2aebosv","cmn6uxoqc006nl404t2zlp86z",2.7,"f"
"cmoi4qam40003l804hqmtej9b","cmoi4qaly0001l804j2aebosv","cmn6uxocr003al404uua0n5sw",20,"f"
"cmoi5e4ha001jjr04xs04ptjy","cmoi5e4h2001ijr04hcab5gt2","cmn6uxocr003al404uua0n5sw",10,"f"
"cmoi5e4ha001kjr04ddpsv24w","cmoi5e4h2001ijr04hcab5gt2","cmn6uxope006el4042tfxjgry",1.6,"f"
"cmoi5rz2i0002l204pfr24hmj","cmoi5rz2c0001l204qvsifv9t","cmn6uxok70051l40406ivopv3",25,"f"
"cmoi5z5jt0002jl04zjvnwexb","cmoi5z5jl0001jl04rxzlj5nv","cmn6uxok70051l40406ivopv3",25,"f"
"cmoi5zd5i0007jl0413mrdzrt","cmoi5zd5d0006jl04csyfk0zp","cmn6uxocr003al404uua0n5sw",10,"f"
"cmoi5zd5i0008jl04m15ajw35","cmoi5zd5d0006jl04csyfk0zp","cmn6uxope006el4042tfxjgry",1.6,"f"
"cmoi676t20002jy04ah1zymf2","cmoi676sv0001jy04aneuc50x","cmn6uxoqc006nl404t2zlp86z",2.7,"f"
"cmoi676t20003jy04kk4xjvtu","cmoi676sv0001jy04aneuc50x","cmn6uxocr003al404uua0n5sw",20,"f"
"cmoi6jtu8000ajy04s31ma3lb","cmoi6jtu00009jy04icih1p10","cmn6uxok70051l40406ivopv3",25,"f"
"cmoi6s8280002ju04w3fsrfu5","cmoi6s8220001ju04zmdqpqia","cmn6uxok70051l40406ivopv3",25,"f"
"cmoic9dro0002jm04jm5wqmq3","cmoic9drg0001jm04gw50d4zq","cmn6uxo5a001bl404gi3lz7xe",15,"f"
"cmoictt3p0002l704nndgmph3","cmoictt3j0001l704950ydfcz","cmn6uxo5a001bl404gi3lz7xe",15,"f"
"cmoidhw330002kz044lwgxv4r","cmoidhw2v0001kz04fvc3y5jq","cmn6uxo5a001bl404gi3lz7xe",15,"f"
"cmoidvo840002kw04fdpr5e1u","cmoidvo7x0001kw04k24h5a2t","cmn6uxo5a001bl404gi3lz7xe",15,"f"
"cmoiepl8k0002l204jvsr2xpq","cmoiepl8e0001l204e7v0z2hv","cmn6uxo5a001bl404gi3lz7xe",15,"f"
"cmoiflede0007l204tbewnyii","cmoifled50006l2042bp7hklw","cmn6uxok70051l40406ivopv3",40,"f"
"cmojgjhr70002jv04h2clsgu8","cmojgjhr10001jv04afgdojsy","cmn6uxocr003al404uua0n5sw",10,"f"
"cmojgjhr70003jv04zkzrurx8","cmojgjhr10001jv04afgdojsy","cmn6uxope006el4042tfxjgry",1.6,"f"
"cmojgslbg0002le047r4y8gbc","cmojgslba0001le04wr83e1aa","cmn6uxocr003al404uua0n5sw",10,"f"
"cmojgslbg0003le0433jdj4c4","cmojgslba0001le04wr83e1aa","cmn6uxope006el4042tfxjgry",1.6,"f"
"cmojh6yu60002jr044fpllp8k","cmojh6ytz0001jr04vgwie6wl","cmn6uxocr003al404uua0n5sw",10,"f"
"cmojh6yu60003jr04ncbjx9bg","cmojh6ytz0001jr04vgwie6wl","cmn6uxope006el4042tfxjgry",1.6,"f"
"cmojsjfor0002le04n0cfv0op","cmojsjfoe0001le049hn4wggf","cmn6uxok70051l40406ivopv3",20,"f"
"cmojsoy5h0002jl04klkcxvbq","cmojsoy5b0001jl04zmbovnqj","cmn6uxok70051l40406ivopv3",20,"f"
"cmojsuqwv0002l504xorh86um","cmojsuqwn0001l504cv1fk5o4","cmn6uxok70051l40406ivopv3",20,"f"
"cmojt1q3c0002ji041vi491pp","cmojt1q360001ji04qt9gbhuv","cmn6uxok70051l40406ivopv3",20,"f"
"cmojt9sr00002if04cdpgsvfx","cmojt9squ0001if046x1pjj7x","cmn6uxok70051l40406ivopv3",20,"f"
"cmojtg8ep0007if04uamauy74","cmojtg8ej0006if04l87ugs3y","cmn6uxok70051l40406ivopv3",20,"f"
"cmojtmy6n0002la04296l5zul","cmojtmy6h0001la04yvcg2uzd","cmn6uxok70051l40406ivopv3",20,"f"
"cmokzjj1g0002kw042jtwikz1","cmokzjiz30001kw046g20pajz","cmn6uxojz004zl404ieofic0p",20,"f"
"cmol21nfc0002lf0451di7lk3","cmol21net0001lf040qe7nb3t","cmn6uxoqc006nl404t2zlp86z",2.7,"f"
"cmol21nfc0003lf04vq2z82mt","cmol21net0001lf040qe7nb3t","cmn6uxocr003al404uua0n5sw",20,"f"
"cmol2siw60002jl04ex6p4u62","cmol2sivn0001jl04aa3ooq7b","cmn6uxoqc006nl404t2zlp86z",2.7,"f"
"cmol2siw60003jl04caggzlet","cmol2sivn0001jl04aa3ooq7b","cmn6uxocr003al404uua0n5sw",20,"f"
"cmol38670000ajl042xa8kd62","cmol3866r0009jl04lcxjcyfw","cmn6uxoqc006nl404t2zlp86z",2.7,"f"
"cmol38670000bjl04ledss6k2","cmol3866r0009jl04lcxjcyfw","cmn6uxocr003al404uua0n5sw",20,"f"
"cmoqn94ar000sju04cfzckjb4","cmoqn94ai000rju04cm3rvvd2","cmn6uxok70051l40406ivopv3",40,"f"
"cmoqnh8g4000ijr04y9h3w473","cmoqnh8fy000hjr04imxpsp36","cmn6uxok70051l40406ivopv3",40,"f"
"cmoqnpxu6000ui9044jo89muo","cmoqnpxtz000ti9045a4wyw4f","cmn6uxok70051l40406ivopv3",40,"f"
"cmoqoat38001bi904shoi2phq","cmoqoat31001ai904j0b0l59n","cmn6uxok70051l40406ivopv3",40,"f"
"cmoqohtxf001gi904y4quzx5u","cmoqohtxa001fi9041mohoda6","cmn6uxok70051l40406ivopv3",40,"f"
"cmoryv6tz0002jr042vpcgts5","cmoryv6qq0001jr04rkh65rkk","cmn6uxocr003al404uua0n5sw",12,"f"
"cmoryv6tz0003jr04xl1aemcl","cmoryv6qq0001jr04rkh65rkk","cmn6uxope006el4042tfxjgry",1,"f"
"cmorz2hm70003l104i4ykllqj","cmorz2hm00002l104yw1u1s2l","cmn6uxocr003al404uua0n5sw",12,"f"
"cmorz2hm70004l104qbfkekv6","cmorz2hm00002l104yw1u1s2l","cmn6uxope006el4042tfxjgry",1,"f"
"cmorzbgpt000ml504na50dsfm","cmorzbgpk000ll504mq0exkaf","cmn6uxocr003al404uua0n5sw",12,"f"
"cmorzbgpt000nl504ebw0aqyy","cmorzbgpk000ll504mq0exkaf","cmn6uxope006el4042tfxjgry",1,"f"
"cmorzqjvc000cjl04ou5vopbz","cmorzqjv6000bjl04pkxvy4qr","cmn6uxocr003al404uua0n5sw",12,"f"
"cmorzqjvc000djl04re6sl0q2","cmorzqjv6000bjl04pkxvy4qr","cmn6uxope006el4042tfxjgry",1,"f"
"cmorzw3ro0002l804xohw44tp","cmorzw3rj0001l804754nctzp","cmn6uxo5a001bl404gi3lz7xe",10,"f"
"cmorzymtw0002l804dakvxwig","cmorzymtq0001l804ecem07ew","cmn6uxocr003al404uua0n5sw",12,"f"
"cmorzymtw0003l804monsq375","cmorzymtq0001l804ecem07ew","cmn6uxope006el4042tfxjgry",1,"f"
"cmos0731u0002i504tyn3gzcn","cmos0731o0001i504ixdwhq87","cmn6uxo5a001bl404gi3lz7xe",10,"f"
"cmos0foy7000ml804mv16hj5e","cmos0foy3000ll804a6yv2oly","cmn6uxo5a001bl404gi3lz7xe",10,"f"
"cmos0iff20002l504kfu4mh55","cmos0ifew0001l504msjidhji","cmn6uxo5a001bl404gi3lz7xe",10,"f"
"cmos0rkrt0010kw04famz6f9w","cmos0rkro000zkw041ij2jnru","cmn6uxo5a001bl404gi3lz7xe",10,"f"
"cmos0vdj30007i504c0mmrcnq","cmos0vdiw0006i504kwkmxy3p","cmn6uxo5a001bl404gi3lz7xe",10,"f"
"cmos10nay0002ky04i4qsc0rs","cmos10nat0001ky04knu78ame","cmn6uxo5a001bl404gi3lz7xe",10,"f"
"cmos152ci0002jr04fnyls9mi","cmos152cc0001jr04453r4tak","cmn6uxo5a001bl404gi3lz7xe",10,"f"
"cmos16a7t0002jr04dd9dmc41","cmos16a7o0001jr04xfhm3xl1","cmn6uxocr003al404uua0n5sw",12,"f"
"cmos16a7t0003jr04xdd8o884","cmos16a7o0001jr04xfhm3xl1","cmn6uxope006el4042tfxjgry",1,"f"
"cmotp9z280002jp04yti6eux9","cmotp9yyk0001jp04b55cuz8f","cmn6uxocr003al404uua0n5sw",10,"f"
"cmotp9z280003jp04hpk7ew80","cmotp9yyk0001jp04b55cuz8f","cmn6uxope006el4042tfxjgry",1.6,"f"
"cmotpeknh0002ld04f2vqjowr","cmotpeknb0001ld047zxwc4py","cmn6uxocr003al404uua0n5sw",10,"f"
"cmotpeknh0003ld04xr9tm80a","cmotpeknb0001ld047zxwc4py","cmn6uxope006el4042tfxjgry",1.6,"f"
"cmotq0smi0002l204b08vy6ji","cmotq0slf0001l204kue8yn2b","cmn6uxocr003al404uua0n5sw",10,"f"
"cmotq0smi0003l204c8msbnfg","cmotq0slf0001l204kue8yn2b","cmn6uxope006el4042tfxjgry",1.6,"f"
"cmotq3nf10002k304hzntc36t","cmotq3neu0001k304icp6sg4l","cmn6uxocr003al404uua0n5sw",10,"f"
"cmotq3nf10003k304zlquwjc7","cmotq3neu0001k304icp6sg4l","cmn6uxope006el4042tfxjgry",1.6,"f"
"cmotqgqk8000ak304ln05r26t","cmotqgqk20009k304p8bxg3aw","cmn6uxocr003al404uua0n5sw",10,"f"
"cmotqgqk8000bk30496lms9sw","cmotqgqk20009k304p8bxg3aw","cmn6uxope006el4042tfxjgry",1.6,"f"
"cmous1i8c0002jp04dc0jy1jo","cmous1i7x0001jp04nxaooml7","cmn6uxojz004zl404ieofic0p",12,"f"
"cmous1i8c0003jp04f8q60h94","cmous1i7x0001jp04nxaooml7","cmn6uxo5m001el404el39ylsi",1,"f"
"cmous1i8c0004jp04alcjju1f","cmous1i7x0001jp04nxaooml7","cmn6uxope006el4042tfxjgry",1.6,"f"
"cmous8pmc0006l1041hvw8m55","cmous8pm60005l104a7k90wrs","cmn6uxojz004zl404ieofic0p",12,"f"
"cmous8pmc0007l104vqouymgw","cmous8pm60005l104a7k90wrs","cmn6uxo5m001el404el39ylsi",1,"f"
"cmous8pmc0008l104ugqwia94","cmous8pm60005l104a7k90wrs","cmn6uxope006el4042tfxjgry",1.6,"f"
"cmousd3bx0002jx049x4my0bu","cmousd3br0001jx04s9tg6v8y","cmn6uxojz004zl404ieofic0p",12,"f"
"cmousd3bx0003jx04fbgcfyct","cmousd3br0001jx04s9tg6v8y","cmn6uxo5m001el404el39ylsi",1,"f"
"cmousd3bx0004jx04pk5ti82z","cmousd3br0001jx04s9tg6v8y","cmn6uxope006el4042tfxjgry",1.6,"f"
"cmouso2fv0002ky04ijq9jqdp","cmouso2fn0001ky04di6w4sd4","cmn6uxojz004zl404ieofic0p",12,"f"
"cmouso2fv0003ky049jw3jy9u","cmouso2fn0001ky04di6w4sd4","cmn6uxo5m001el404el39ylsi",1,"f"
"cmouso2fv0004ky0473xjzuci","cmouso2fn0001ky04di6w4sd4","cmn6uxope006el4042tfxjgry",1.6,"f"
"cmout10ag0002jo04sklt8hf9","cmout10ab0001jo04y4t9d009","cmn6uxojz004zl404ieofic0p",12,"f"
"cmout10ag0003jo04z9j85nep","cmout10ab0001jo04y4t9d009","cmn6uxo5m001el404el39ylsi",1,"f"
"cmout10ah0004jo04byz3ibai","cmout10ab0001jo04y4t9d009","cmn6uxope006el4042tfxjgry",1.6,"f"
"cmoutajjy000jl104t8riinau","cmoutajjq000il1042m8bwkti","cmn6uxojz004zl404ieofic0p",12,"f"
"cmoutajjy000kl104d7uodmsx","cmoutajjq000il1042m8bwkti","cmn6uxo5m001el404el39ylsi",1,"f"
"cmoutajjy000ll1048au9xq5j","cmoutajjq000il1042m8bwkti","cmn6uxope006el4042tfxjgry",1.6,"f"
"cmoutl17n0002jx04a1y7bfw3","cmoutl17h0001jx049rw55pfz","cmn6uxojz004zl404ieofic0p",12,"f"
"cmoutl17n0003jx04w5v0at5w","cmoutl17h0001jx049rw55pfz","cmn6uxo5m001el404el39ylsi",1,"f"
"cmoutl17n0004jx04938tsulz","cmoutl17h0001jx049rw55pfz","cmn6uxope006el4042tfxjgry",1.6,"f"
"cmouu5vu0000fjo04963v62d4","cmouu5vtv000ejo04dqhv5w40","cmn6uxojz004zl404ieofic0p",12,"f"
"cmouu5vu0000gjo04ears0v2h","cmouu5vtv000ejo04dqhv5w40","cmn6uxo5m001el404el39ylsi",1,"f"
"cmouu5vu0000hjo04ydpetb29","cmouu5vtv000ejo04dqhv5w40","cmn6uxope006el4042tfxjgry",1.6,"f"
"cmouuggey0002i7041i5e5wde","cmouugges0001i704k9tvtfzp","cmn6uxojz004zl404ieofic0p",12,"f"
"cmouuggey0003i704qh8l4auw","cmouugges0001i704k9tvtfzp","cmn6uxo5m001el404el39ylsi",1,"f"
"cmouuggey0004i704mwi9nfvm","cmouugges0001i704k9tvtfzp","cmn6uxope006el4042tfxjgry",1.6,"f"
"cmouux8rl0002lb04ox5zzjeq","cmouux8rd0001lb04n89kcb8e","cmn6uxojz004zl404ieofic0p",12,"f"
"cmouux8rl0003lb043ixmgu2d","cmouux8rd0001lb04n89kcb8e","cmn6uxo5m001el404el39ylsi",1,"f"
"cmouux8rl0004lb04jwqr7o89","cmouux8rd0001lb04n89kcb8e","cmn6uxope006el4042tfxjgry",1.6,"f"
"cmouv2j2v0010l104tl7ghpmp","cmouv2j2p000zl104qb9a4wa7","cmn6uxojz004zl404ieofic0p",12,"f"
"cmouv2j2v0011l104dgbn3trm","cmouv2j2p000zl104qb9a4wa7","cmn6uxo5m001el404el39ylsi",1,"f"
"cmouv2j2v0012l1046e68nlqg","cmouv2j2p000zl104qb9a4wa7","cmn6uxope006el4042tfxjgry",1.6,"f"
"cmouw5fzu0004ju043uy2chls","cmouw5fzi0003ju04y1b0a0zw","cmn6uxojz004zl404ieofic0p",12,"f"
"cmouw5fzu0005ju04v7d0nv98","cmouw5fzi0003ju04y1b0a0zw","cmn6uxo5m001el404el39ylsi",1,"f"
"cmouw5fzu0006ju04ejaxipsl","cmouw5fzi0003ju04y1b0a0zw","cmn6uxope006el4042tfxjgry",1,"f"
"cmouwctu80012lf04icheja0v","cmouwctu10011lf045iy0zeiw","cmn6uxojz004zl404ieofic0p",12,"f"
"cmouwctu80013lf04up3pr5tf","cmouwctu10011lf045iy0zeiw","cmn6uxo5m001el404el39ylsi",1,"f"
"cmouwctu80014lf04w9em9rar","cmouwctu10011lf045iy0zeiw","cmn6uxope006el4042tfxjgry",1.6,"f"
"cmouwiunf0005ih04afpzlc5e","cmouwiun50004ih04sqoq94c9","cmn6uxojz004zl404ieofic0p",12,"f"
"cmouwiunf0006ih04lf7g6orn","cmouwiun50004ih04sqoq94c9","cmn6uxo5m001el404el39ylsi",1,"f"
"cmouwiunf0007ih04niwdt3cm","cmouwiun50004ih04sqoq94c9","cmn6uxope006el4042tfxjgry",1.6,"f"
"cmova0puz0004l704ekc2lvww","cmova0put0003l7045cen5qgy","cmn6uxocr003al404uua0n5sw",10,"f"
"cmova0puz0005l704c690xk2v","cmova0put0003l7045cen5qgy","cmn6uxope006el4042tfxjgry",1,"f"
"cmovafxjy0002ig04exe75o42","cmovafxjs0001ig04e7u9b0gx","cmn6uxocr003al404uua0n5sw",10,"f"
"cmovafxjy0003ig04od6gr0f5","cmovafxjs0001ig04e7u9b0gx","cmn6uxope006el4042tfxjgry",1,"f"
"cmovalje90002js04mjzm23dm","cmovalje30001js04tfqswq9k","cmn6uxocr003al404uua0n5sw",10,"f"
"cmovalje90003js04cd1j96tf","cmovalje30001js04tfqswq9k","cmn6uxope006el4042tfxjgry",1,"f"
"cmovbeck80002il04uwyoo7tf","cmovbeck10001il04l0v2eu88","cmn6uxocr003al404uua0n5sw",10,"f"
"cmovbeck80003il040qey8kff","cmovbeck10001il04l0v2eu88","cmn6uxope006el4042tfxjgry",1,"f"
"cmovbq2re0004jl04pz8ocebw","cmovbq2r70003jl043vhevcl1","cmn6uxocr003al404uua0n5sw",10,"f"
"cmovbq2re0005jl04wzj7ngom","cmovbq2r70003jl043vhevcl1","cmn6uxope006el4042tfxjgry",1,"f"
"cmovbwawf0002jv046ir2z6f6","cmovbwaw80001jv04cuzxfwfw","cmn6uxocr003al404uua0n5sw",10,"f"
"cmovbwawf0003jv04w19603p9","cmovbwaw80001jv04cuzxfwfw","cmn6uxope006el4042tfxjgry",1,"f"
"cmowcbzjq0017jm046xzjrsw1","cmowcbzjf0016jm040jjsa4dv","cmn6uxok70051l40406ivopv3",20,"f"
"cmowchwvn001cjm04u99ugvgv","cmowchwvi001bjm04evq6iryk","cmn6uxok70051l40406ivopv3",20,"f"
"cmowcmu900002i6041cb3euvt","cmowcmu8t0001i604d17b3qlq","cmn6uxok70051l40406ivopv3",20,"f"
"cmowcqyz70002jr0401ol7o15","cmowcqyz20001jr048vy9dp3y","cmn6uxok70051l40406ivopv3",20,"f"
"cmowd0a6r0002l6045g7cr5bk","cmowd0a6l0001l604txsbjqg6","cmn6uxok70051l40406ivopv3",20,"f"
"cmowd4tp7000kl40419us3auh","cmowd4tp2000jl404e861u541","cmn6uxok70051l40406ivopv3",20,"f"
"cmowd9ati0002l504amc9bt2v","cmowd9atb0001l504f3aep85g","cmn6uxok70051l40406ivopv3",20,"f"
"cmowo9bdr0002l2041evmjyfd","cmowo9bdl0001l20407pwm909","cmn6uxok70051l40406ivopv3",40,"f"
"cmowoog3k0002lg048emmoru0","cmowoog3e0001lg04nmrl708f","cmn6uxok70051l40406ivopv3",40,"f"
"cmowp63ot0002kz04eob73pad","cmowp63om0001kz04laxyyf81","cmn6uxok70051l40406ivopv3",40,"f"
"cmowpcjt60002js04zhihshxw","cmowpcjt00001js04v5ho0cik","cmn6uxok70051l40406ivopv3",40,"f"
"cmowpworo0002ld04rz3iapfm","cmowpworg0001ld043oicmkm3","cmn6uxok70051l40406ivopv3",40,"f"
"cmowq2cka0002ld04lq6jj9yj","cmowq2ck40001ld04443q4qp1","cmn6uxok70051l40406ivopv3",40,"f"
"cmowr5kjz0007ld041qljglf8","cmowr5kjt0006ld04shzwz207","cmn6uxok70051l40406ivopv3",40,"f"
"cmoxmutld0002l80461okilkj","cmoxmutl00001l8048s0c68hf","cmn6uxojz004zl404ieofic0p",12,"f"
"cmoxmutld0003l804nzx29ltk","cmoxmutl00001l8048s0c68hf","cmn6uxo5m001el404el39ylsi",1,"f"
"cmoxmutld0004l804n9m3kr84","cmoxmutl00001l8048s0c68hf","cmn6uxope006el4042tfxjgry",1.6,"f"
"cmoxn0jwn000dl804jath2ecv","cmoxn0jwj000cl80457kvhcpl","cmn6uxojz004zl404ieofic0p",12,"f"
"cmoxn0jwn000el804eowls54o","cmoxn0jwj000cl80457kvhcpl","cmn6uxo5m001el404el39ylsi",1,"f"
"cmoxn0jwn000fl8045v3luudk","cmoxn0jwj000cl80457kvhcpl","cmn6uxope006el4042tfxjgry",1.6,"f"
"cmoxp8pn3000kjs044ou0ygzb","cmoxp8pmw000jjs044x06832r","cmn6uxojz004zl404ieofic0p",12,"f"
"cmoxp8pn3000ljs04ek0eqk1u","cmoxp8pmw000jjs044x06832r","cmn6uxo5m001el404el39ylsi",1,"f"
"cmoxp8pn3000mjs04h3arb2fv","cmoxp8pmw000jjs044x06832r","cmn6uxope006el4042tfxjgry",1.6,"f"
"cmoxpzuyc0002ii04pp4xj3kw","cmoxpzuy60001ii040me7o76u","cmn6uxocr003al404uua0n5sw",15,"f"
"cmoxpzuyc0003ii04ako0akz3","cmoxpzuy60001ii040me7o76u","cmn6uxope006el4042tfxjgry",1,"f"
"cmoxqc3ls0002l10462tkzswz","cmoxqc3lm0001l1041xm082pi","cmn6uxojz004zl404ieofic0p",12,"f"
"cmoxqc3ls0003l104bu1kb4fp","cmoxqc3lm0001l1041xm082pi","cmn6uxo5m001el404el39ylsi",1,"f"
"cmoxqc3ls0004l104odfzq9gy","cmoxqc3lm0001l1041xm082pi","cmn6uxope006el4042tfxjgry",1.6,"f"
"cmoxqimkn0002lb04ttxbhcde","cmoxqimkf0001lb04jmlvm89w","cmn6uxocr003al404uua0n5sw",15,"f"
"cmoxqimkn0003lb04v57d06w0","cmoxqimkf0001lb04jmlvm89w","cmn6uxope006el4042tfxjgry",1,"f"
"cmoxqy6sn0002gw04lmh0c7xf","cmoxqy6si0001gw04w63fatrf","cmn6uxojz004zl404ieofic0p",12,"f"
"cmoxqy6sn0003gw04t052mb6r","cmoxqy6si0001gw04w63fatrf","cmn6uxo5m001el404el39ylsi",1,"f"
"cmoxqy6sn0004gw0484cmpscz","cmoxqy6si0001gw04w63fatrf","cmn6uxope006el4042tfxjgry",1.6,"f"
"cmoxr76wu0002kz043qf4m4mp","cmoxr76wn0001kz04pb9uicnk","cmn6uxojz004zl404ieofic0p",12,"f"
"cmoxr76wu0003kz04cj7b2m3a","cmoxr76wn0001kz04pb9uicnk","cmn6uxo5m001el404el39ylsi",1,"f"
"cmoxr76wu0004kz04iqyzlnha","cmoxr76wn0001kz04pb9uicnk","cmn6uxope006el4042tfxjgry",1.6,"f"
"cmoxt2flv0004jp040e5pmra2","cmoxt2flr0003jp04pdr3osrr","cmn6uxocr003al404uua0n5sw",10,"f"
"cmoxtajbg0002jo04t15hcui2","cmoxtajb90001jo04otvk59g5","cmn6uxocr003al404uua0n5sw",10,"f"
"cmoxtl1qk0002ky0408ewb8t0","cmoxtl1qd0001ky04zz9llvlw","cmn6uxojz004zl404ieofic0p",10,"f"
"cmoxtsggp0007ky04a08zsuvf","cmoxtsggl0006ky04gvr5srda","cmn6uxocr003al404uua0n5sw",10,"f"
"cmoxu1ewe0002jy042hrdum7q","cmoxu1ew90001jy04cew605lj","cmn6uxocr003al404uua0n5sw",10,"f"
"cmoxu64a00007jy04q88fwy6h","cmoxu649x0006jy04umbhba39","cmn6uxocr003al404uua0n5sw",10,"f"
"cmoxu8p0w0002jw04i1yanx3r","cmoxu8p0p0001jw04r5bd7mli","cmn6uxocr003al404uua0n5sw",10,"f"
"cmoxubuv90007jw04e51l77uf","cmoxubuv50006jw04z1cnrsk3","cmn6uxocr003al404uua0n5sw",10,"f"
"cmoxuerk80002k404sspqfvs3","cmoxuerk20001k404yrt2swhy","cmn6uxocr003al404uua0n5sw",10,"f"
"cmoxumr880002l7041jn7anht","cmoxumr820001l7045pysv8vi","cmn6uxocr003al404uua0n5sw",10,"f"
"cmp0m7t920002ju04yzqewk1h","cmp0m7t560001ju04u5q5d7pm","cmn6uxok70051l40406ivopv3",30,"f"
"cmp0m8ziu0002l504o0dj45th","cmp0m8zio0001l50408xw99er","cmn6uxok70051l40406ivopv3",30,"f"
"cmp0my5fv0002l704tbij8jgy","cmp0my5fo0001l704n3e0xmmp","cmn6uxok70051l40406ivopv3",30,"f"
"cmp0n8sjs0007l704zmv5kei2","cmp0n8sjm0006l704m24zdik3","cmn6uxok70051l40406ivopv3",30,"f"
"cmp0ndxlq0002jv04uud0b9xx","cmp0ndxlk0001jv04s1wtcbkk","cmn6uxok70051l40406ivopv3",30,"f"
"cmp0xj0l8000djy04w4hds2ve","cmp0xj0h9000cjy04zs06j6nr","cmn6uxocr003al404uua0n5sw",15,"f"
"cmp0xj0l8000ejy04mcik713y","cmp0xj0h9000cjy04zs06j6nr","cmn6uxope006el4042tfxjgry",2,"f"
"cmp0xz81g0002l604ccrams0n","cmp0xz8150001l6045w1jjj42","cmn6uxope006el4042tfxjgry",2,"f"
"cmp0xz81h0003l604dfwltakg","cmp0xz8150001l6045w1jjj42","cmn6uxocr003al404uua0n5sw",15,"f"
"cmp0zjvk30002jm04j15sjdw8","cmp0zjvjv0001jm04rfgnv1q6","cmn6uxocr003al404uua0n5sw",10,"f"
"cmp0zjvk30003jm04868dqbqe","cmp0zjvjv0001jm04rfgnv1q6","cmn6uxope006el4042tfxjgry",1,"f"
"cmp0znyiq0002jo04zny0aehg","cmp0znyil0001jo04ur0v32zs","cmn6uxocr003al404uua0n5sw",10,"f"
"cmp0znyiq0003jo04e3mozq7w","cmp0znyil0001jo04ur0v32zs","cmn6uxope006el4042tfxjgry",1,"f"
"cmp0zr6mv000ajm04z4ux7h1i","cmp0zr6mp0009jm04mcrkwbsa","cmn6uxope006el4042tfxjgry",2,"f"
"cmp0zr6mv000bjm04xp9ep59c","cmp0zr6mp0009jm04mcrkwbsa","cmn6uxocr003al404uua0n5sw",15,"f"
"cmp0zvcn1000ajo04c0ep1zhy","cmp0zvcmw0009jo0497nioyep","cmn6uxocr003al404uua0n5sw",10,"f"
"cmp0zvcn1000bjo04u0bfq52u","cmp0zvcmw0009jo0497nioyep","cmn6uxope006el4042tfxjgry",1,"f"
"cmp103m940002l40417kmq4vc","cmp103m8y0001l4047d9q3jzd","cmn6uxope006el4042tfxjgry",2,"f"
"cmp103m940003l404mycnnoh4","cmp103m8y0001l4047d9q3jzd","cmn6uxocr003al404uua0n5sw",15,"f"
"cmp10hm140006jo04zof7jvzz","cmp10hm100005jo0438susdmz","cmn6uxocr003al404uua0n5sw",10,"f"
"cmp10hm140007jo0443jeqz99","cmp10hm100005jo0438susdmz","cmn6uxope006el4042tfxjgry",1,"f"
"cmp10l3yg000ijm04lkaj5f4w","cmp10l3yb000hjm04qw4rnjqh","cmn6uxocr003al404uua0n5sw",15,"f"
"cmp10l3yg000jjm048h7adhop","cmp10l3yb000hjm04qw4rnjqh","cmn6uxope006el4042tfxjgry",2,"f"
"cmp10o5g0000mjo044p08p1vu","cmp10o5fs000ljo04szrrg34n","cmn6uxocr003al404uua0n5sw",10,"f"
"cmp10o5g0000njo04u8kdc9q7","cmp10o5fs000ljo04szrrg34n","cmn6uxope006el4042tfxjgry",1,"f"
"cmp26iwnk0002jv04up5sj32r","cmp26iwjf0001jv04lv74yywc","cmn6uxocr003al404uua0n5sw",10,"f"
"cmp26iwnk0003jv044vaz7aym","cmp26iwjf0001jv04lv74yywc","cmn6uxope006el4042tfxjgry",1.6,"f"
"cmp26o1wq0002k304mesuk8aq","cmp26o1wl0001k304ngc110r7","cmn6uxocr003al404uua0n5sw",10,"f"
"cmp26o1wq0003k304ubi1vei8","cmp26o1wl0001k304ngc110r7","cmn6uxope006el4042tfxjgry",1.6,"f"
"cmp272tyo0002k0043tiqjmyv","cmp272ty50001k004nzeyuusd","cmn6uxocr003al404uua0n5sw",10,"f"
"cmp272tyo0003k004u80f1j99","cmp272ty50001k004nzeyuusd","cmn6uxope006el4042tfxjgry",1.6,"f"
"cmp2dn6p90002l504ocfdahar","cmp2dn6oq0001l504417hfsy3","cmn6uxocr003al404uua0n5sw",10,"f"
"cmp3r9a8a0002jo04leoxfxk8","cmp3r9a7v0001jo04q34i7cik","cmn6uxocr003al404uua0n5sw",15,"f"
"cmp3r9a8a0003jo04rqpi87ub","cmp3r9a7v0001jo04q34i7cik","cmn6uxope006el4042tfxjgry",2,"f"
"cmp3rl50u0002js04pg6pihmy","cmp3rl50m0001js04y629lxgp","cmn6uxope006el4042tfxjgry",2,"f"
"cmp3rl50u0003js04yk0n4y51","cmp3rl50m0001js04y629lxgp","cmn6uxocr003al404uua0n5sw",15,"f"
"cmp3rwngd0002l904yukk0cfu","cmp3rwng40001l904ed0zioci","cmn6uxope006el4042tfxjgry",2,"f"
"cmp3rwngd0003l904peihkvva","cmp3rwng40001l904ed0zioci","cmn6uxocr003al404uua0n5sw",15,"f"
"cmp7m4hc80002jr04s6m3pphw","cmp7m4hbg0001jr04pliks7k2","cmn6uxojz004zl404ieofic0p",12,"f"
"cmp7m4hc80003jr04lt38tc8w","cmp7m4hbg0001jr04pliks7k2","cmn6uxo5m001el404el39ylsi",1,"f"
"cmp7m4hc80004jr04x0y98x3a","cmp7m4hbg0001jr04pliks7k2","cmn6uxope006el4042tfxjgry",1.6,"f"
"cmp7mat7j0002l7047jv0rqu5","cmp7mat740001l7048ypkli16","cmn6uxojz004zl404ieofic0p",12,"f"
"cmp7mat7j0003l7048tln311y","cmp7mat740001l7048ypkli16","cmn6uxo5m001el404el39ylsi",1,"f"
"cmp7mat7j0004l7043gq1jw8y","cmp7mat740001l7048ypkli16","cmn6uxope006el4042tfxjgry",1.6,"f"
"cmp7mm0u0000djr040qnjlg5w","cmp7mm0tt000cjr04h9eq1hua","cmn6uxojz004zl404ieofic0p",12,"f"
"cmp7mm0u0000ejr049oq6flzw","cmp7mm0tt000cjr04h9eq1hua","cmn6uxo5m001el404el39ylsi",1,"f"
"cmp7mm0u0000fjr04flthtyu2","cmp7mm0tt000cjr04h9eq1hua","cmn6uxope006el4042tfxjgry",1.6,"f"
"cmp7noqs90002ji0418bjuqfr","cmp7noqrc0001ji04gmqqtrm5","cmn6uxojz004zl404ieofic0p",12,"f"
"cmp7noqs90003ji04v6rljy2w","cmp7noqrc0001ji04gmqqtrm5","cmn6uxo5m001el404el39ylsi",1,"f"
"cmp7noqsa0004ji04xgogb4fv","cmp7noqrc0001ji04gmqqtrm5","cmn6uxope006el4042tfxjgry",1.6,"f"
"cmp7o27zb0002l704phkwkaq0","cmp7o27yd0001l70401pahfnn","cmn6uxojz004zl404ieofic0p",12,"f"
"cmp7o27zb0003l704lpta1hlz","cmp7o27yd0001l70401pahfnn","cmn6uxo5m001el404el39ylsi",1,"f"
"cmp7o27zb0004l704sl5whgl8","cmp7o27yd0001l70401pahfnn","cmn6uxope006el4042tfxjgry",1.6,"f"
"cmp7o827a0002kz0464ajoavi","cmp7o82740001kz042xl9jyud","cmn6uxojz004zl404ieofic0p",12,"f"
"cmp7o827a0003kz042ndzqul7","cmp7o82740001kz042xl9jyud","cmn6uxo5m001el404el39ylsi",1,"f"
"cmp7o827a0004kz04nhvpfuz7","cmp7o82740001kz042xl9jyud","cmn6uxope006el4042tfxjgry",1.6,"f"
"cmp7oe69p0002l90445qksc04","cmp7oe69f0001l9045argg03v","cmn6uxojz004zl404ieofic0p",12,"f"
"cmp7oe69p0003l904egdmjuh3","cmp7oe69f0001l9045argg03v","cmn6uxo5m001el404el39ylsi",1,"f"
"cmp7oe69p0004l9044wnyvm2x","cmp7oe69f0001l9045argg03v","cmn6uxope006el4042tfxjgry",1.6,"f"
"cmp7okwxu0002l704xaqi6zsw","cmp7okwxo0001l704yb72c51o","cmn6uxojz004zl404ieofic0p",12,"f"
"cmp7okwxu0003l704mem2xy9q","cmp7okwxo0001l704yb72c51o","cmn6uxo5m001el404el39ylsi",1,"f"
"cmp7okwxu0004l704et0epl6r","cmp7okwxo0001l704yb72c51o","cmn6uxope006el4042tfxjgry",1.6,"f"
"cmp7p1jnh0002l2044rshewxp","cmp7p1jnb0001l20472vhfah4","cmn6uxojz004zl404ieofic0p",12,"f"
"cmp7p1jnh0003l204cxs9g692","cmp7p1jnb0001l20472vhfah4","cmn6uxo5m001el404el39ylsi",1,"f"
"cmp7p1jnh0004l204ehfr42fz","cmp7p1jnb0001l20472vhfah4","cmn6uxope006el4042tfxjgry",1.6,"f"
"cmp7p8wh80002jl04694432pe","cmp7p8wgz0001jl04al2rurii","cmn6uxojz004zl404ieofic0p",12,"f"
"cmp7p8wh80003jl04kv02uw3i","cmp7p8wgz0001jl04al2rurii","cmn6uxo5m001el404el39ylsi",1,"f"
"cmp7p8wh80004jl041o4jdq70","cmp7p8wgz0001jl04al2rurii","cmn6uxope006el4042tfxjgry",1.6,"f"
"cmp7vo7940002k104rnwlvzsb","cmp7vo7860001k104qore1l4e","cmn6uxocr003al404uua0n5sw",10,"f"
"cmp7vo7940003k104otj9xamo","cmp7vo7860001k104qore1l4e","cmn6uxope006el4042tfxjgry",1.6,"f"
"cmp7w07sn0002l804y9am49x5","cmp7w07si0001l8048pl7ayoj","cmn6uxocr003al404uua0n5sw",10,"f"
"cmp7w07sn0003l804h4zhpfod","cmp7w07si0001l8048pl7ayoj","cmn6uxope006el4042tfxjgry",1.6,"f"
"cmp7wu5280002js04kph4tjit","cmp7wu51o0001js043q4kgis7","cmn6uxocr003al404uua0n5sw",10,"f"
"cmp7wu5280003js04182ekgmr","cmp7wu51o0001js043q4kgis7","cmn6uxope006el4042tfxjgry",1.6,"f"
"cmp7x38ki0002l804lpy0kojc","cmp7x38ju0001l804bhmh1r7o","cmn6uxocr003al404uua0n5sw",10,"f"
"cmp7x38ki0003l804x1tnxz8g","cmp7x38ju0001l804bhmh1r7o","cmn6uxope006el4042tfxjgry",1.6,"f"
"cmp7xlxqd0002ik04ao41v2ll","cmp7xlxq30001ik04nqbkokg4","cmn6uxocr003al404uua0n5sw",10,"f"
"cmp7xlxqd0003ik04ojcih6v6","cmp7xlxq30001ik04nqbkokg4","cmn6uxope006el4042tfxjgry",1.6,"f"
"cmp9i41l50002jy04pwvkton3","cmp9i41kn0001jy04qxc53mc2","cmn6uxojz004zl404ieofic0p",20,"f"
"cmp9i41l50003jy04b3v18lgj","cmp9i41kn0001jy04qxc53mc2","cmn6uxope006el4042tfxjgry",2.7,"f"
"cmp9iisec0002la04ilua38ah","cmp9iisdv0001la043o85gmby","cmn6uxojz004zl404ieofic0p",20,"f"
"cmp9iisec0003la04viikgpw8","cmp9iisdv0001la043o85gmby","cmn6uxope006el4042tfxjgry",2.7,"f"
"cmp9jo1yj0002lh04zpopa0m9","cmp9jo1y20001lh04o28pci8l","cmn6uxojz004zl404ieofic0p",20,"f"
"cmp9jo1yj0003lh04c2kw1stv","cmp9jo1y20001lh04o28pci8l","cmn6uxope006el4042tfxjgry",2.7,"f"
"cmp9jzdh40002ju044zpyldd7","cmp9jzdgo0001ju046l760pm8","cmn6uxope006el4042tfxjgry",2.7,"f"
"cmp9jzdh40003ju04lnktx0eq","cmp9jzdgo0001ju046l760pm8","cmn6uxojz004zl404ieofic0p",20,"f"
"cmp9keasd0002le04ue7g0o7y","cmp9kearz0001le044vlfxynv","cmn6uxojz004zl404ieofic0p",20,"f"
"cmp9keasd0003le04fs7j4sda","cmp9kearz0001le044vlfxynv","cmn6uxope006el4042tfxjgry",2.7,"f"
"cmp9kkk490002l40413j4koub","cmp9kkk430001l404wboxdo5u","cmn6uxope006el4042tfxjgry",2.7,"f"
"cmp9kkk490003l404p9x981na","cmp9kkk430001l404wboxdo5u","cmn6uxojz004zl404ieofic0p",20,"f"
"cmp9lm0sa0002l504o4fiwljm","cmp9lm0rw0001l504t2fiywaf","cmn6uxojz004zl404ieofic0p",20,"f"
"cmp9lm0sa0003l5041iypnvt3","cmp9lm0rw0001l504t2fiywaf","cmn6uxope006el4042tfxjgry",2.7,"f"
"cmp9lzo3g0002le040ria9wxx","cmp9lzo300001le04n4ysjvxr","cmn6uxope006el4042tfxjgry",2.7,"f"
"cmp9lzo3g0003le04akq68sl4","cmp9lzo300001le04n4ysjvxr","cmn6uxojz004zl404ieofic0p",20,"f"
